grid_id,latitude,longitude,rainfall_scenario,rainfall_mm_h,display_expected_stage_max,expected_stage,expected_depth_class,scenario_expected_visible,flood_expected,flood_history_2022,flood_history_2023,flood_history,history_polygon_count,distance_to_flood_area_m,scenario_risk_score,risk_grade,flood_label,scenario_flood_label
G0001,37.45786,127.015815,10mm/h,10,2,0,none,0,0,0,0,0,0,899.4,3,낮음,0,0
G0002,37.462366,127.015786,10mm/h,10,2,0,none,0,0,0,0,0,0,721.4,4,낮음,0,0
G0003,37.466873,127.015757,10mm/h,10,2,0,none,0,0,0,0,0,0,710.2,4,낮음,0,0
G0004,37.47138,127.015728,10mm/h,10,2,0,none,0,0,0,0,0,0,974.9,3,낮음,0,0
G0005,37.475886,127.015698,10mm/h,10,2,0,none,0,0,0,0,0,0,1098.6,2,낮음,0,0
G0006,37.480393,127.015669,10mm/h,10,2,0,none,0,0,0,0,0,0,965.1,3,낮음,0,0
G0007,37.4849,127.01564,10mm/h,10,2,0,none,0,0,0,0,0,0,953.5,3,낮음,0,0
G0008,37.489407,127.015611,10mm/h,10,2,0,none,0,0,0,0,0,0,479.3,5,낮음,0,0
G0009,37.493913,127.015582,10mm/h,10,2,1,~0.5m,1,1,0,0,0,0,158.9,40,낮음,1,1
G0010,37.49842,127.015553,10mm/h,10,2,1,~0.5m,1,1,0,0,0,0,317.1,39,낮음,1,1
G0011,37.502927,127.015524,10mm/h,10,2,2,0.5~1.0m,1,1,0,0,0,0,39.6,43,낮음,1,1
G0012,37.507433,127.015495,10mm/h,10,2,1,~0.5m,1,1,0,0,0,0,113.2,40,낮음,1,1
G0013,37.51194,127.015466,10mm/h,10,2,1,~0.5m,1,1,0,0,0,0,69.8,40,낮음,1,1
G0014,37.516447,127.015436,10mm/h,10,2,1,~0.5m,1,1,0,0,0,0,143.3,40,낮음,1,1
G0015,37.520953,127.015407,10mm/h,10,2,1,~0.5m,1,1,0,0,0,0,274.3,39,낮음,1,1
G0016,37.52546,127.015378,10mm/h,10,2,0,none,0,0,0,0,0,0,425.2,6,낮음,0,0
G0017,37.529967,127.015349,10mm/h,10,2,0,none,0,0,0,0,0,0,623.2,5,낮음,0,0
G0018,37.534115,127.015322,10mm/h,10,2,0,none,0,0,0,0,0,0,565.5,5,낮음,0,0
G0019,37.457883,127.021468,10mm/h,10,2,0,none,0,0,0,0,0,0,502.2,5,낮음,0,0
G0020,37.462389,127.021439,10mm/h,10,2,1,~0.5m,1,1,0,0,0,0,285.4,39,낮음,1,1
G0021,37.466896,127.021411,10mm/h,10,2,1,~0.5m,1,1,0,0,0,0,270.2,39,낮음,1,1
G0022,37.471403,127.021382,10mm/h,10,2,0,none,0,0,0,0,0,0,670.6,4,낮음,0,0
G0023,37.47591,127.021353,10mm/h,10,2,0,none,0,0,0,0,0,0,598.7,5,낮음,0,0
G0024,37.480416,127.021324,10mm/h,10,2,0,none,0,0,0,0,0,0,762.3,4,낮음,0,0
G0025,37.484923,127.021296,10mm/h,10,2,0,none,0,0,0,0,0,0,953.2,3,낮음,0,0
G0026,37.48943,127.021267,10mm/h,10,2,0,none,0,0,0,0,0,0,479.4,5,낮음,0,0
G0027,37.493936,127.021238,10mm/h,10,2,2,0.5~1.0m,1,1,0,0,0,0,69.2,43,낮음,1,1
G0028,37.498443,127.021209,10mm/h,10,2,1,~0.5m,1,1,0,0,0,0,0.0,41,낮음,1,1
G0029,37.50295,127.021181,10mm/h,10,2,2,0.5~1.0m,1,1,0,0,0,0,0.0,43,낮음,1,1
G0030,37.507456,127.021152,10mm/h,10,2,1,~0.5m,1,1,1,0,1,16,145.4,68,주의,1,1
G0031,37.511963,127.021123,10mm/h,10,2,0,none,0,0,1,0,1,1,283.1,34,낮음,1,1
G0032,37.51647,127.021094,10mm/h,10,2,0,none,0,0,1,0,1,1,115.1,35,낮음,1,1
G0033,37.520976,127.021065,10mm/h,10,2,1,~0.5m,1,1,0,0,0,0,60.4,40,낮음,1,1
G0034,37.525483,127.021037,10mm/h,10,2,1,~0.5m,1,1,1,0,1,1,125.8,68,주의,1,1
G0035,37.52999,127.021008,10mm/h,10,2,1,~0.5m,1,1,0,0,0,0,208.4,40,낮음,1,1
G0036,37.534138,127.020981,10mm/h,10,2,0,none,0,0,0,0,0,0,496.2,5,낮음,0,0
G0037,37.457905,127.027121,10mm/h,10,2,0,none,0,0,0,0,0,0,353.9,6,낮음,0,0
G0038,37.462412,127.027093,10mm/h,10,2,3,1.0~1.5m,0,1,0,0,0,0,0.0,15,낮음,1,0
G0039,37.466919,127.027065,10mm/h,10,2,3,1.0~1.5m,0,1,0,0,0,0,32.9,15,낮음,1,0
G0040,37.471426,127.027036,10mm/h,10,2,0,none,0,0,0,0,0,0,413.1,6,낮음,0,0
G0041,37.475932,127.027008,10mm/h,10,2,1,~0.5m,1,1,0,0,0,0,99.7,40,낮음,1,1
G0042,37.480439,127.026979,10mm/h,10,2,0,none,0,0,0,0,0,0,465.1,6,낮음,0,0
G0043,37.484946,127.026951,10mm/h,10,2,0,none,0,0,0,0,0,0,656.7,4,낮음,0,0
G0044,37.489452,127.026923,10mm/h,10,2,1,~0.5m,1,1,0,0,0,0,267.0,39,낮음,1,1
G0045,37.493959,127.026894,10mm/h,10,2,5,2.0~3.0m,0,1,1,0,1,2,0.0,47,주의,1,1
G0046,37.498466,127.026866,10mm/h,10,2,1,~0.5m,1,1,1,0,1,3,40.5,68,주의,1,1
G0047,37.502972,127.026837,10mm/h,10,2,1,~0.5m,1,1,1,0,1,4,105.7,68,주의,1,1
G0048,37.507479,127.026809,10mm/h,10,2,5,2.0~3.0m,0,1,1,0,1,113,0.0,47,주의,1,1
G0049,37.511986,127.02678,10mm/h,10,2,0,none,0,0,1,1,1,76,13.8,36,낮음,1,1
G0050,37.516492,127.026752,10mm/h,10,2,0,none,0,0,0,0,0,0,315.9,6,낮음,0,0
G0051,37.520999,127.026724,10mm/h,10,2,5,2.0~3.0m,0,1,1,0,1,10,1.1,47,주의,1,1
G0052,37.525506,127.026695,10mm/h,10,2,2,0.5~1.0m,1,1,1,0,1,1,74.1,71,주의,1,1
G0053,37.530012,127.026667,10mm/h,10,2,1,~0.5m,1,1,0,0,0,0,222.5,39,낮음,1,1
G0054,37.534161,127.02664,10mm/h,10,2,0,none,0,0,0,0,0,0,416.0,6,낮음,0,0
G0055,37.457928,127.032775,10mm/h,10,2,0,none,0,0,0,0,0,0,565.8,5,낮음,0,0
G0056,37.462435,127.032747,10mm/h,10,2,0,none,0,0,0,0,0,0,342.9,6,낮음,0,0
G0057,37.466941,127.032719,10mm/h,10,2,3,1.0~1.5m,0,1,0,0,0,0,135.9,14,낮음,1,0
G0058,37.471448,127.032691,10mm/h,10,2,2,0.5~1.0m,1,1,0,0,0,0,59.9,43,낮음,1,1
G0059,37.475955,127.032663,10mm/h,10,2,3,1.0~1.5m,0,1,0,0,0,0,125.6,14,낮음,1,0
G0060,37.480461,127.032635,10mm/h,10,2,0,none,0,0,0,0,0,0,497.3,5,낮음,0,0
G0061,37.484968,127.032606,10mm/h,10,2,0,none,0,0,1,0,1,1,317.6,34,낮음,1,1
G0062,37.489475,127.032578,10mm/h,10,2,0,none,0,0,1,0,1,5,64.7,36,낮음,1,1
G0063,37.493982,127.03255,10mm/h,10,2,5,2.0~3.0m,0,1,1,0,1,56,0.0,47,주의,1,1
G0064,37.498488,127.032522,10mm/h,10,2,1,~0.5m,1,1,1,0,1,8,95.1,68,주의,1,1
G0065,37.502995,127.032494,10mm/h,10,2,0,none,0,0,1,0,1,9,37.3,36,낮음,1,1
G0066,37.507502,127.032466,10mm/h,10,2,0,none,0,0,1,0,1,14,59.7,36,낮음,1,1
G0067,37.512008,127.032438,10mm/h,10,2,0,none,0,0,1,0,1,14,62.6,36,낮음,1,1
G0068,37.516515,127.03241,10mm/h,10,2,0,none,0,0,1,0,1,1,279.8,35,낮음,1,1
G0069,37.521022,127.032382,10mm/h,10,2,1,~0.5m,1,1,1,0,1,1,206.3,68,주의,1,1
G0070,37.525528,127.032354,10mm/h,10,2,2,0.5~1.0m,1,1,1,0,1,3,77.8,71,주의,1,1
G0071,37.530035,127.032325,10mm/h,10,2,2,0.5~1.0m,1,1,0,0,0,0,0.0,43,낮음,1,1
G0072,37.534183,127.0323,10mm/h,10,2,1,~0.5m,1,1,0,0,0,0,151.7,40,낮음,1,1
G0073,37.45795,127.038428,10mm/h,10,2,0,none,0,0,0,0,0,0,425.0,6,낮음,0,0
G0074,37.462457,127.038401,10mm/h,10,2,1,~0.5m,1,1,0,0,0,0,0.0,41,낮음,1,1
G0075,37.466964,127.038373,10mm/h,10,2,1,~0.5m,1,1,0,0,0,0,125.0,40,낮음,1,1
G0076,37.47147,127.038345,10mm/h,10,2,2,0.5~1.0m,1,1,0,0,0,0,0.0,43,낮음,1,1
G0077,37.475977,127.038317,10mm/h,10,2,2,0.5~1.0m,1,1,0,0,0,0,241.9,42,낮음,1,1
G0078,37.480484,127.03829,10mm/h,10,2,2,0.5~1.0m,1,1,0,0,0,0,66.6,43,낮음,1,1
G0079,37.48499,127.038262,10mm/h,10,2,1,~0.5m,1,1,1,0,1,10,0.0,69,주의,1,1
G0080,37.489497,127.038234,10mm/h,10,2,1,~0.5m,1,1,1,0,1,2,93.7,68,주의,1,1
G0081,37.494004,127.038206,10mm/h,10,2,1,~0.5m,1,1,1,0,1,14,0.0,69,주의,1,1
G0082,37.498511,127.038179,10mm/h,10,2,0,none,0,0,1,0,1,3,192.4,35,낮음,1,1
G0083,37.503017,127.038151,10mm/h,10,2,0,none,0,0,1,0,1,2,193.3,35,낮음,1,1
G0084,37.507524,127.038123,10mm/h,10,2,0,none,0,0,1,0,1,3,226.5,35,낮음,1,1
G0085,37.512031,127.038095,10mm/h,10,2,0,none,0,0,1,0,1,5,152.4,35,낮음,1,1
G0086,37.516537,127.038068,10mm/h,10,2,1,~0.5m,1,1,1,0,1,2,33.3,68,주의,1,1
G0087,37.521044,127.03804,10mm/h,10,2,2,0.5~1.0m,1,1,1,0,1,3,66.5,71,주의,1,1
G0088,37.525551,127.038012,10mm/h,10,2,2,0.5~1.0m,1,1,1,0,1,1,0.0,71,주의,1,1
G0089,37.530057,127.037984,10mm/h,10,2,3,1.0~1.5m,0,1,0,0,0,0,3.0,15,낮음,1,0
G0090,37.534205,127.037959,10mm/h,10,2,0,none,0,0,0,0,0,0,310.7,6,낮음,0,0
G0091,37.457972,127.044082,10mm/h,10,2,5,2.0~3.0m,0,1,0,0,0,0,190.9,18,낮음,1,0
G0092,37.462479,127.044054,10mm/h,10,2,1,~0.5m,1,1,0,0,0,0,242.8,39,낮음,1,1
G0093,37.466986,127.044027,10mm/h,10,2,4,1.5~2.0m,0,1,0,0,0,0,131.0,16,낮음,1,0
G0094,37.471492,127.043999,10mm/h,10,2,1,~0.5m,1,1,0,0,0,0,229.1,39,낮음,1,1
G0095,37.475999,127.043972,10mm/h,10,2,3,1.0~1.5m,0,1,1,0,1,5,0.0,43,낮음,1,1
G0096,37.480506,127.043945,10mm/h,10,2,3,1.0~1.5m,0,1,1,0,1,6,43.6,43,낮음,1,1
G0097,37.485012,127.043917,10mm/h,10,2,1,~0.5m,1,1,1,0,1,5,88.9,68,주의,1,1
G0098,37.489519,127.04389,10mm/h,10,2,1,~0.5m,1,1,0,0,0,0,333.7,39,낮음,1,1
G0099,37.494026,127.043863,10mm/h,10,2,1,~0.5m,1,1,1,0,1,7,125.9,68,주의,1,1
G0100,37.498532,127.043835,10mm/h,10,2,0,none,0,0,1,0,1,1,248.9,35,낮음,1,1
G0101,37.503039,127.043808,10mm/h,10,2,0,none,0,0,0,0,0,0,286.9,6,낮음,0,0
G0102,37.507546,127.04378,10mm/h,10,2,0,none,0,0,1,0,1,3,102.2,35,낮음,1,1
G0103,37.512053,127.043753,10mm/h,10,2,0,none,0,0,1,0,1,2,197.4,35,낮음,1,1
G0104,37.516559,127.043725,10mm/h,10,2,1,~0.5m,1,1,0,0,0,0,0.0,41,낮음,1,1
G0105,37.521066,127.043698,10mm/h,10,2,1,~0.5m,1,1,1,0,1,10,111.2,68,주의,1,1
G0106,37.525573,127.043671,10mm/h,10,2,0,none,0,0,1,0,1,1,289.4,34,낮음,1,1
G0107,37.530079,127.043643,10mm/h,10,2,1,~0.5m,1,1,0,0,0,0,6.2,41,낮음,1,1
G0108,37.534227,127.043618,10mm/h,10,2,0,none,0,0,0,0,0,0,416.3,6,낮음,0,0
G0109,37.457994,127.049735,10mm/h,10,2,1,~0.5m,1,1,0,0,0,0,164.4,40,낮음,1,1
G0110,37.462501,127.049708,10mm/h,10,2,0,none,0,0,0,0,0,0,402.6,6,낮음,0,0
G0111,37.467007,127.049681,10mm/h,10,2,0,none,0,0,0,0,0,0,538.2,5,낮음,0,0
G0112,37.471514,127.049654,10mm/h,10,2,1,~0.5m,1,1,1,0,1,3,203.3,68,주의,1,1
G0113,37.476021,127.049627,10mm/h,10,2,1,~0.5m,1,1,1,0,1,61,0.0,69,주의,1,1
G0114,37.480527,127.0496,10mm/h,10,2,1,~0.5m,1,1,1,0,1,23,121.5,68,주의,1,1
G0115,37.485034,127.049573,10mm/h,10,2,2,0.5~1.0m,1,1,0,0,0,0,0.0,43,낮음,1,1
G0116,37.489541,127.049546,10mm/h,10,2,1,~0.5m,1,1,0,0,0,0,96.6,40,낮음,1,1
G0117,37.494047,127.049519,10mm/h,10,2,1,~0.5m,1,1,0,0,0,0,222.4,39,낮음,1,1
G0118,37.498554,127.049492,10mm/h,10,2,1,~0.5m,1,1,1,0,1,4,165.8,68,주의,1,1
G0119,37.503061,127.049464,10mm/h,10,2,1,~0.5m,1,1,1,0,1,3,63.7,68,주의,1,1
G0120,37.507568,127.049437,10mm/h,10,2,2,0.5~1.0m,1,1,1,0,1,11,59.9,71,주의,1,1
G0121,37.512074,127.04941,10mm/h,10,2,0,none,0,0,1,0,1,6,97.4,35,낮음,1,1
G0122,37.516581,127.049383,10mm/h,10,2,1,~0.5m,1,1,0,0,0,0,132.7,40,낮음,1,1
G0123,37.521088,127.049356,10mm/h,10,2,2,0.5~1.0m,1,1,1,1,1,12,89.8,70,주의,1,1
G0124,37.525594,127.049329,10mm/h,10,2,3,1.0~1.5m,0,1,1,0,1,2,0.0,43,낮음,1,1
G0125,37.530101,127.049302,10mm/h,10,2,3,1.0~1.5m,0,1,0,0,0,0,167.7,14,낮음,1,0
G0126,37.534249,127.049277,10mm/h,10,2,1,~0.5m,1,1,0,0,0,0,246.6,39,낮음,1,1
G0127,37.458015,127.055388,10mm/h,10,2,0,none,0,0,0,0,0,0,597.2,5,낮음,0,0
G0128,37.462522,127.055362,10mm/h,10,2,0,none,0,0,0,0,0,0,745.7,4,낮음,0,0
G0129,37.467029,127.055335,10mm/h,10,2,0,none,0,0,0,0,0,0,754.0,4,낮음,0,0
G0130,37.471535,127.055308,10mm/h,10,2,0,none,0,0,1,0,1,1,271.7,35,낮음,1,1
G0131,37.476042,127.055282,10mm/h,10,2,3,1.0~1.5m,0,1,1,0,1,5,111.8,42,낮음,1,1
G0132,37.480549,127.055255,10mm/h,10,2,3,1.0~1.5m,0,1,0,0,0,0,54.2,15,낮음,1,0
G0133,37.485056,127.055228,10mm/h,10,2,2,0.5~1.0m,1,1,1,0,1,1,72.4,71,주의,1,1
G0134,37.489562,127.055201,10mm/h,10,2,1,~0.5m,1,1,1,0,1,2,29.9,69,주의,1,1
G0135,37.494069,127.055175,10mm/h,10,2,1,~0.5m,1,1,1,0,1,1,144.8,68,주의,1,1
G0136,37.498576,127.055148,10mm/h,10,2,3,1.0~1.5m,0,1,1,1,1,21,0.0,43,낮음,1,1
G0137,37.503082,127.055121,10mm/h,10,2,0,none,0,0,1,0,1,3,42.2,36,낮음,1,1
G0138,37.507589,127.055095,10mm/h,10,2,2,0.5~1.0m,1,1,1,0,1,9,0.0,71,주의,1,1
G0139,37.512096,127.055068,10mm/h,10,2,0,none,0,0,1,0,1,3,15.1,36,낮음,1,1
G0140,37.516602,127.055041,10mm/h,10,2,0,none,0,0,1,0,1,1,229.0,35,낮음,1,1
G0141,37.521109,127.055014,10mm/h,10,2,1,~0.5m,1,1,1,0,1,1,108.5,68,주의,1,1
G0142,37.525616,127.054988,10mm/h,10,2,3,1.0~1.5m,0,1,1,0,1,1,0.0,43,낮음,1,1
G0143,37.530122,127.054961,10mm/h,10,2,1,~0.5m,1,1,0,0,0,0,326.9,39,낮음,1,1
G0144,37.534271,127.054936,10mm/h,10,2,2,0.5~1.0m,1,1,0,0,0,0,93.6,42,낮음,1,1
G0145,37.458036,127.061042,10mm/h,10,2,0,none,0,0,0,0,0,0,812.0,4,낮음,0,0
G0146,37.462543,127.061015,10mm/h,10,2,0,none,0,0,0,0,0,0,1203.2,2,낮음,0,0
G0147,37.46705,127.060989,10mm/h,10,2,0,none,0,0,0,0,0,0,967.7,3,낮음,0,0
G0148,37.471557,127.060963,10mm/h,10,2,0,none,0,0,0,0,0,0,600.0,5,낮음,0,0
G0149,37.476063,127.060936,10mm/h,10,2,0,none,0,0,1,0,1,6,229.7,35,낮음,1,1
G0150,37.48057,127.06091,10mm/h,10,2,1,~0.5m,1,1,0,0,0,0,25.4,41,낮음,1,1
G0151,37.485077,127.060884,10mm/h,10,2,2,0.5~1.0m,1,1,1,0,1,6,0.0,71,주의,1,1
G0152,37.489583,127.060857,10mm/h,10,2,2,0.5~1.0m,1,1,1,0,1,1,98.2,70,주의,1,1
G0153,37.49409,127.060831,10mm/h,10,2,1,~0.5m,1,1,1,0,1,1,0.0,69,주의,1,1
G0154,37.498597,127.060805,10mm/h,10,2,1,~0.5m,1,1,1,0,1,4,151.8,68,주의,1,1
G0155,37.503103,127.060778,10mm/h,10,2,0,none,0,0,1,0,1,1,70.0,36,낮음,1,1
G0156,37.50761,127.060752,10mm/h,10,2,1,~0.5m,1,1,0,0,0,0,18.3,41,낮음,1,1
G0157,37.512117,127.060725,10mm/h,10,2,3,1.0~1.5m,0,1,0,0,0,0,0.0,15,낮음,1,0
G0158,37.516624,127.060699,10mm/h,10,2,1,~0.5m,1,1,1,0,1,4,82.2,68,주의,1,1
G0159,37.52113,127.060672,10mm/h,10,2,0,none,0,0,0,0,0,0,311.2,6,낮음,0,0
G0160,37.525637,127.060646,10mm/h,10,2,0,none,0,0,0,0,0,0,335.2,6,낮음,0,0
G0161,37.530144,127.06062,10mm/h,10,2,0,none,0,0,0,0,0,0,531.5,5,낮음,0,0
G0162,37.534292,127.060595,10mm/h,10,2,1,~0.5m,1,1,0,0,0,0,216.5,40,낮음,1,1
G0163,37.458057,127.066695,10mm/h,10,2,0,none,0,0,0,0,0,0,1182.9,2,낮음,0,0
G0164,37.462564,127.066669,10mm/h,10,2,0,none,0,0,0,0,0,0,1386.9,1,낮음,0,0
G0165,37.467071,127.066643,10mm/h,10,2,0,none,0,0,0,0,0,0,887.0,3,낮음,0,0
G0166,37.471577,127.066617,10mm/h,10,2,0,none,0,0,0,0,0,0,387.4,6,낮음,0,0
G0167,37.476084,127.066591,10mm/h,10,2,0,none,0,0,1,0,1,13,82.6,36,낮음,1,1
G0168,37.480591,127.066565,10mm/h,10,2,0,none,0,0,1,0,1,3,284.7,34,낮음,1,1
G0169,37.485098,127.066539,10mm/h,10,2,2,0.5~1.0m,1,1,0,0,0,0,122.8,42,낮음,1,1
G0170,37.489604,127.066513,10mm/h,10,2,3,1.0~1.5m,0,1,0,0,0,0,13.1,15,낮음,1,0
G0171,37.494111,127.066487,10mm/h,10,2,1,~0.5m,1,1,0,0,0,0,0.0,41,낮음,1,1
G0172,37.498618,127.066461,10mm/h,10,2,0,none,0,0,0,0,0,0,287.2,6,낮음,0,0
G0173,37.503124,127.066435,10mm/h,10,2,0,none,0,0,0,0,0,0,412.0,6,낮음,0,0
G0174,37.507631,127.066409,10mm/h,10,2,1,~0.5m,1,1,0,0,0,0,209.9,40,낮음,1,1
G0175,37.512138,127.066383,10mm/h,10,2,2,0.5~1.0m,1,1,0,0,0,0,4.7,43,낮음,1,1
G0176,37.516644,127.066357,10mm/h,10,2,1,~0.5m,1,1,1,0,1,1,62.1,68,주의,1,1
G0177,37.521151,127.066331,10mm/h,10,2,0,none,0,0,0,0,0,0,427.5,6,낮음,0,0
G0178,37.525658,127.066305,10mm/h,10,2,0,none,0,0,0,0,0,0,661.4,4,낮음,0,0
G0179,37.530165,127.066278,10mm/h,10,2,1,~0.5m,1,1,0,0,0,0,262.3,39,낮음,1,1
G0180,37.534313,127.066254,10mm/h,10,2,2,0.5~1.0m,1,1,0,0,0,0,44.3,43,낮음,1,1
G0181,37.458078,127.072349,10mm/h,10,2,0,none,0,0,0,0,0,0,1564.7,0,낮음,0,0
G0182,37.462585,127.072323,10mm/h,10,2,0,none,0,0,0,0,0,0,1422.2,0,낮음,0,0
G0183,37.467091,127.072297,10mm/h,10,2,0,none,0,0,0,0,0,0,939.8,3,낮음,0,0
G0184,37.471598,127.072272,10mm/h,10,2,0,none,0,0,0,0,0,0,493.9,5,낮음,0,0
G0185,37.476105,127.072246,10mm/h,10,2,0,none,0,0,0,0,0,0,323.5,6,낮음,0,0
G0186,37.480611,127.07222,10mm/h,10,2,0,none,0,0,1,0,1,2,194.2,35,낮음,1,1
G0187,37.485118,127.072195,10mm/h,10,2,1,~0.5m,1,1,0,0,0,0,157.1,40,낮음,1,1
G0188,37.489625,127.072169,10mm/h,10,2,1,~0.5m,1,1,0,0,0,0,239.2,39,낮음,1,1
G0189,37.494132,127.072143,10mm/h,10,2,1,~0.5m,1,1,0,0,0,0,107.1,40,낮음,1,1
G0190,37.498638,127.072117,10mm/h,10,2,0,none,0,0,0,0,0,0,369.5,6,낮음,0,0
G0191,37.503145,127.072092,10mm/h,10,2,0,none,0,0,0,0,0,0,721.9,4,낮음,0,0
G0192,37.507652,127.072066,10mm/h,10,2,0,none,0,0,0,0,0,0,549.6,5,낮음,0,0
G0193,37.512158,127.07204,10mm/h,10,2,0,none,0,0,0,0,0,0,456.5,6,낮음,0,0
G0194,37.516665,127.072015,10mm/h,10,2,0,none,0,0,0,0,0,0,560.6,5,낮음,0,0
G0195,37.521172,127.071989,10mm/h,10,2,0,none,0,0,0,0,0,0,753.5,4,낮음,0,0
G0196,37.525678,127.071963,10mm/h,10,2,0,none,0,0,0,0,0,0,540.0,5,낮음,0,0
G0197,37.530185,127.071937,10mm/h,10,2,2,0.5~1.0m,1,1,0,0,0,0,48.8,43,낮음,1,1
G0198,37.534333,127.071914,10mm/h,10,2,1,~0.5m,1,1,0,0,0,0,7.3,41,낮음,1,1
G0199,37.458098,127.078002,10mm/h,10,2,0,none,0,0,0,0,0,0,1983.3,0,낮음,0,0
G0200,37.462605,127.077977,10mm/h,10,2,0,none,0,0,0,0,0,0,1605.2,0,낮음,0,0
G0201,37.467112,127.077951,10mm/h,10,2,0,none,0,0,0,0,0,0,1198.9,2,낮음,0,0
G0202,37.471618,127.077926,10mm/h,10,2,0,none,0,0,0,0,0,0,893.3,3,낮음,0,0
G0203,37.476125,127.077901,10mm/h,10,2,0,none,0,0,0,0,0,0,750.0,4,낮음,0,0
G0204,37.480632,127.077875,10mm/h,10,2,0,none,0,0,0,0,0,0,332.9,6,낮음,0,0
G0205,37.485139,127.07785,10mm/h,10,2,0,none,0,0,1,0,1,1,154.6,35,낮음,1,1
G0206,37.489645,127.077825,10mm/h,10,2,1,~0.5m,1,1,0,0,0,0,75.8,40,낮음,1,1
G0207,37.494152,127.077799,10mm/h,10,2,2,0.5~1.0m,1,1,0,0,0,0,68.1,43,낮음,1,1
G0208,37.498659,127.077774,10mm/h,10,2,2,0.5~1.0m,1,1,0,0,0,0,80.9,43,낮음,1,1
G0209,37.503165,127.077749,10mm/h,10,2,0,none,0,0,0,0,0,0,522.6,5,낮음,0,0
G0210,37.507672,127.077723,10mm/h,10,2,1,~0.5m,1,1,0,0,0,0,330.3,39,낮음,1,1
G0211,37.512179,127.077698,10mm/h,10,2,1,~0.5m,1,1,0,0,0,0,253.3,39,낮음,1,1
G0212,37.516685,127.077672,10mm/h,10,2,0,none,0,0,0,0,0,0,568.2,5,낮음,0,0
G0213,37.521192,127.077647,10mm/h,10,2,0,none,0,0,0,0,0,0,781.6,4,낮음,0,0
G0214,37.525699,127.077622,10mm/h,10,2,0,none,0,0,0,0,0,0,317.3,6,낮음,0,0
G0215,37.530206,127.077596,10mm/h,10,2,6,3.0m~,0,1,0,0,0,0,58.1,21,낮음,1,0
G0216,37.534354,127.077573,10mm/h,10,2,1,~0.5m,1,1,0,0,0,0,85.3,40,낮음,1,1
G0217,37.458118,127.083656,10mm/h,10,2,0,none,0,0,0,0,0,0,1693.5,0,낮음,0,0
G0218,37.462625,127.083631,10mm/h,10,2,0,none,0,0,0,0,0,0,1434.6,0,낮음,0,0
G0219,37.467132,127.083606,10mm/h,10,2,0,none,0,0,0,0,0,0,1320.1,1,낮음,0,0
G0220,37.471638,127.083581,10mm/h,10,2,0,none,0,0,0,0,0,0,1358.1,1,낮음,0,0
G0221,37.476145,127.083556,10mm/h,10,2,0,none,0,0,0,0,0,0,956.2,3,낮음,0,0
G0222,37.480652,127.083531,10mm/h,10,2,0,none,0,0,0,0,0,0,573.6,5,낮음,0,0
G0223,37.485159,127.083506,10mm/h,10,2,0,none,0,0,0,0,0,0,491.7,5,낮음,0,0
G0224,37.489665,127.08348,10mm/h,10,2,1,~0.5m,1,1,1,0,1,32,28.4,69,주의,1,1
G0225,37.494172,127.083455,10mm/h,10,2,1,~0.5m,1,1,1,0,1,18,30.1,69,주의,1,1
G0226,37.498679,127.08343,10mm/h,10,2,2,0.5~1.0m,1,1,0,0,0,0,0.0,43,낮음,1,1
G0227,37.503185,127.083405,10mm/h,10,2,1,~0.5m,1,1,0,0,0,0,97.3,40,낮음,1,1
G0228,37.507692,127.08338,10mm/h,10,2,1,~0.5m,1,1,0,0,0,0,25.8,41,낮음,1,1
G0229,37.512199,127.083355,10mm/h,10,2,1,~0.5m,1,1,0,0,0,0,56.8,40,낮음,1,1
G0230,37.516706,127.08333,10mm/h,10,2,1,~0.5m,1,1,0,0,0,0,78.3,40,낮음,1,1
G0231,37.521212,127.083305,10mm/h,10,2,0,none,0,0,0,0,0,0,529.9,5,낮음,0,0
G0232,37.525719,127.08328,10mm/h,10,2,0,none,0,0,0,0,0,0,553.1,5,낮음,0,0
G0233,37.530226,127.083255,10mm/h,10,2,1,~0.5m,1,1,0,0,0,0,105.4,40,낮음,1,1
G0234,37.534374,127.083232,10mm/h,10,2,1,~0.5m,1,1,0,0,0,0,105.9,40,낮음,1,1
G0235,37.458138,127.089309,10mm/h,10,2,0,none,0,0,0,0,0,0,1340.6,1,낮음,0,0
G0236,37.462645,127.089284,10mm/h,10,2,0,none,0,0,0,0,0,0,993.6,3,낮음,0,0
G0237,37.467151,127.08926,10mm/h,10,2,0,none,0,0,0,0,0,0,822.8,4,낮음,0,0
G0238,37.471658,127.089235,10mm/h,10,2,0,none,0,0,0,0,0,0,884.6,3,낮음,0,0
G0239,37.476165,127.08921,10mm/h,10,2,0,none,0,0,0,0,0,0,862.3,3,낮음,0,0
G0240,37.480672,127.089186,10mm/h,10,2,0,none,0,0,0,0,0,0,804.4,4,낮음,0,0
G0241,37.485178,127.089161,10mm/h,10,2,0,none,0,0,0,0,0,0,570.8,5,낮음,0,0
G0242,37.489685,127.089136,10mm/h,10,2,1,~0.5m,1,1,0,0,0,0,95.8,40,낮음,1,1
G0243,37.494192,127.089112,10mm/h,10,2,1,~0.5m,1,1,0,0,0,0,77.1,40,낮음,1,1
G0244,37.498699,127.089087,10mm/h,10,2,1,~0.5m,1,1,0,0,0,0,121.2,40,낮음,1,1
G0245,37.503205,127.089062,10mm/h,10,2,1,~0.5m,1,1,0,0,0,0,111.9,40,낮음,1,1
G0246,37.507712,127.089038,10mm/h,10,2,1,~0.5m,1,1,0,0,0,0,0.0,41,낮음,1,1
G0247,37.512219,127.089013,10mm/h,10,2,1,~0.5m,1,1,0,0,0,0,167.1,40,낮음,1,1
G0248,37.516725,127.088988,10mm/h,10,2,1,~0.5m,1,1,0,0,0,0,142.1,40,낮음,1,1
G0249,37.521232,127.088963,10mm/h,10,2,0,none,0,0,0,0,0,0,516.6,5,낮음,0,0
G0250,37.525739,127.088939,10mm/h,10,2,0,none,0,0,0,0,0,0,378.5,6,낮음,0,0
G0251,37.530245,127.088914,10mm/h,10,2,2,0.5~1.0m,1,1,0,0,0,0,47.3,43,낮음,1,1
G0252,37.534394,127.088891,10mm/h,10,2,1,~0.5m,1,1,0,0,0,0,188.0,40,낮음,1,1
G0253,37.458157,127.094962,10mm/h,10,2,0,none,0,0,0,0,0,0,1078.4,2,낮음,0,0
G0254,37.462664,127.094938,10mm/h,10,2,0,none,0,0,0,0,0,0,645.3,5,낮음,0,0
G0255,37.467171,127.094914,10mm/h,10,2,0,none,0,0,0,0,0,0,326.4,6,낮음,0,0
G0256,37.471678,127.094889,10mm/h,10,2,0,none,0,0,0,0,0,0,453.5,6,낮음,0,0
G0257,37.476184,127.094865,10mm/h,10,2,0,none,0,0,0,0,0,0,388.9,6,낮음,0,0
G0258,37.480691,127.094841,10mm/h,10,2,0,none,0,0,0,0,0,0,481.7,5,낮음,0,0
G0259,37.485198,127.094816,10mm/h,10,2,1,~0.5m,1,1,0,0,0,0,165.4,40,낮음,1,1
G0260,37.489705,127.094792,10mm/h,10,2,2,0.5~1.0m,1,1,0,0,0,0,250.1,42,낮음,1,1
G0261,37.494211,127.094768,10mm/h,10,2,2,0.5~1.0m,1,1,0,0,0,0,17.4,43,낮음,1,1
G0262,37.498718,127.094743,10mm/h,10,2,1,~0.5m,1,1,0,0,0,0,0.0,41,낮음,1,1
G0263,37.503225,127.094719,10mm/h,10,2,1,~0.5m,1,1,0,0,0,0,20.8,41,낮음,1,1
G0264,37.507732,127.094695,10mm/h,10,2,1,~0.5m,1,1,0,0,0,0,0.0,41,낮음,1,1
G0265,37.512238,127.09467,10mm/h,10,2,1,~0.5m,1,1,0,0,0,0,0.0,41,낮음,1,1
G0266,37.516745,127.094646,10mm/h,10,2,1,~0.5m,1,1,0,0,0,0,160.8,40,낮음,1,1
G0267,37.521252,127.094622,10mm/h,10,2,0,none,0,0,0,0,0,0,466.7,6,낮음,0,0
G0268,37.525758,127.094597,10mm/h,10,2,0,none,0,0,0,0,0,0,623.6,5,낮음,0,0
G0269,37.530265,127.094573,10mm/h,10,2,0,none,0,0,0,0,0,0,401.2,6,낮음,0,0
G0270,37.534413,127.09455,10mm/h,10,2,2,0.5~1.0m,1,1,0,0,0,0,24.2,43,낮음,1,1
G0271,37.458177,127.100616,10mm/h,10,2,0,none,0,0,0,0,0,0,694.0,4,낮음,0,0
G0272,37.462683,127.100592,10mm/h,10,2,0,none,0,0,0,0,0,0,423.2,6,낮음,0,0
G0273,37.46719,127.100568,10mm/h,10,2,1,~0.5m,1,1,1,0,1,3,84.6,68,주의,1,1
G0274,37.471697,127.100544,10mm/h,10,2,0,none,0,0,1,0,1,4,211.3,35,낮음,1,1
G0275,37.476204,127.10052,10mm/h,10,2,0,none,0,0,1,0,1,2,219.7,35,낮음,1,1
G0276,37.48071,127.100496,10mm/h,10,2,0,none,0,0,1,0,1,1,73.4,36,낮음,1,1
G0277,37.485217,127.100472,10mm/h,10,2,1,~0.5m,1,1,0,0,0,0,140.4,40,낮음,1,1
G0278,37.489724,127.100448,10mm/h,10,2,1,~0.5m,1,1,0,0,0,0,66.3,40,낮음,1,1
G0279,37.494231,127.100424,10mm/h,10,2,1,~0.5m,1,1,0,0,0,0,289.8,39,낮음,1,1
G0280,37.498737,127.1004,10mm/h,10,2,0,none,0,0,0,0,0,0,285.5,6,낮음,0,0
G0281,37.503244,127.100376,10mm/h,10,2,1,~0.5m,1,1,0,0,0,0,112.7,40,낮음,1,1
G0282,37.507751,127.100352,10mm/h,10,2,1,~0.5m,1,1,0,0,0,0,124.9,40,낮음,1,1
G0283,37.512258,127.100328,10mm/h,10,2,1,~0.5m,1,1,0,0,0,0,0.0,41,낮음,1,1
G0284,37.516764,127.100304,10mm/h,10,2,1,~0.5m,1,1,0,0,0,0,217.1,40,낮음,1,1
G0285,37.521271,127.10028,10mm/h,10,2,1,~0.5m,1,1,0,0,0,0,99.3,40,낮음,1,1
G0286,37.525778,127.100256,10mm/h,10,2,0,none,0,0,0,0,0,0,435.4,6,낮음,0,0
G0287,37.530284,127.100232,10mm/h,10,2,0,none,0,0,0,0,0,0,569.4,5,낮음,0,0
G0288,37.534433,127.10021,10mm/h,10,2,3,1.0~1.5m,0,1,0,0,0,0,250.5,13,낮음,1,0
G0289,37.458196,127.106269,10mm/h,10,2,0,none,0,0,0,0,0,0,505.1,5,낮음,0,0
G0290,37.462702,127.106246,10mm/h,10,2,0,none,0,0,1,0,1,12,8.5,36,낮음,1,1
G0291,37.467209,127.106222,10mm/h,10,2,0,none,0,0,1,0,1,2,301.5,34,낮음,1,1
G0292,37.471716,127.106198,10mm/h,10,2,1,~0.5m,1,1,1,0,1,19,0.0,69,주의,1,1
G0293,37.476223,127.106175,10mm/h,10,2,1,~0.5m,1,1,0,0,0,0,5.2,41,낮음,1,1
G0294,37.480729,127.106151,10mm/h,10,2,1,~0.5m,1,1,0,0,0,0,78.2,40,낮음,1,1
G0295,37.485236,127.106127,10mm/h,10,2,1,~0.5m,1,1,0,0,0,0,196.9,40,낮음,1,1
G0296,37.489743,127.106104,10mm/h,10,2,2,0.5~1.0m,1,1,0,0,0,0,58.3,43,낮음,1,1
G0297,37.49425,127.10608,10mm/h,10,2,3,1.0~1.5m,0,1,0,0,0,0,0.0,15,낮음,1,0
G0298,37.498756,127.106056,10mm/h,10,2,0,none,0,0,0,0,0,0,337.3,6,낮음,0,0
G0299,37.503263,127.106033,10mm/h,10,2,1,~0.5m,1,1,0,0,0,0,17.7,41,낮음,1,1
G0300,37.50777,127.106009,10mm/h,10,2,1,~0.5m,1,1,0,0,0,0,24.5,41,낮음,1,1
G0301,37.512277,127.105985,10mm/h,10,2,1,~0.5m,1,1,0,0,0,0,158.8,40,낮음,1,1
G0302,37.516783,127.105962,10mm/h,10,2,1,~0.5m,1,1,0,0,0,0,141.7,40,낮음,1,1
G0303,37.52129,127.105938,10mm/h,10,2,1,~0.5m,1,1,0,0,0,0,73.2,40,낮음,1,1
G0304,37.525797,127.105914,10mm/h,10,2,0,none,0,0,0,0,0,0,426.2,6,낮음,0,0
G0305,37.530303,127.105891,10mm/h,10,2,0,none,0,0,0,0,0,0,445.3,6,낮음,0,0
G0306,37.534452,127.105869,10mm/h,10,2,0,none,0,0,0,0,0,0,525.4,5,낮음,0,0
G0307,37.458214,127.111923,10mm/h,10,2,0,none,0,0,0,0,0,0,420.6,6,낮음,0,0
G0308,37.462721,127.111899,10mm/h,10,2,0,none,0,0,1,0,1,10,69.0,36,낮음,1,1
G0309,37.467228,127.111876,10mm/h,10,2,0,none,0,0,1,0,1,6,139.6,35,낮음,1,1
G0310,37.471735,127.111853,10mm/h,10,2,0,none,0,0,0,0,0,0,284.0,6,낮음,0,0
G0311,37.476241,127.11183,10mm/h,10,2,1,~0.5m,1,1,0,0,0,0,131.7,40,낮음,1,1
G0312,37.480748,127.111806,10mm/h,10,2,2,0.5~1.0m,1,1,0,0,0,0,0.0,43,낮음,1,1
G0313,37.485255,127.111783,10mm/h,10,2,1,~0.5m,1,1,0,0,0,0,149.6,40,낮음,1,1
G0314,37.489762,127.11176,10mm/h,10,2,1,~0.5m,1,1,0,0,0,0,26.7,41,낮음,1,1
G0315,37.494268,127.111736,10mm/h,10,2,1,~0.5m,1,1,0,0,0,0,0.0,41,낮음,1,1
G0316,37.498775,127.111713,10mm/h,10,2,1,~0.5m,1,1,0,0,0,0,36.9,40,낮음,1,1
G0317,37.503282,127.11169,10mm/h,10,2,3,1.0~1.5m,0,1,0,0,0,0,150.4,14,낮음,1,0
G0318,37.507789,127.111666,10mm/h,10,2,1,~0.5m,1,1,0,0,0,0,77.5,40,낮음,1,1
G0319,37.512295,127.111643,10mm/h,10,2,1,~0.5m,1,1,0,0,0,0,7.5,41,낮음,1,1
G0320,37.516802,127.11162,10mm/h,10,2,0,none,0,0,0,0,0,0,397.1,6,낮음,0,0
G0321,37.521309,127.111596,10mm/h,10,2,0,none,0,0,0,0,0,0,565.6,5,낮음,0,0
G0322,37.525815,127.111573,10mm/h,10,2,0,none,0,0,0,0,0,0,484.5,5,낮음,0,0
G0323,37.530322,127.111549,10mm/h,10,2,1,~0.5m,1,1,0,0,0,0,13.9,41,낮음,1,1
G0324,37.53447,127.111528,10mm/h,10,2,1,~0.5m,1,1,0,0,0,0,106.8,40,낮음,1,1
G0325,37.458233,127.117576,10mm/h,10,2,0,none,0,0,0,0,0,0,511.8,5,낮음,0,0
G0326,37.46274,127.117553,10mm/h,10,2,0,none,0,0,1,0,1,4,192.4,35,낮음,1,1
G0327,37.467246,127.11753,10mm/h,10,2,2,0.5~1.0m,1,1,1,0,1,20,0.0,71,주의,1,1
G0328,37.471753,127.117507,10mm/h,10,2,1,~0.5m,1,1,0,0,0,0,9.8,41,낮음,1,1
G0329,37.47626,127.117484,10mm/h,10,2,0,none,0,0,0,0,0,0,442.1,6,낮음,0,0
G0330,37.480767,127.117461,10mm/h,10,2,0,none,0,0,0,0,0,0,417.7,6,낮음,0,0
G0331,37.485273,127.117438,10mm/h,10,2,1,~0.5m,1,1,0,0,0,0,198.8,40,낮음,1,1
G0332,37.48978,127.117415,10mm/h,10,2,1,~0.5m,1,1,0,0,0,0,0.0,41,낮음,1,1
G0333,37.494287,127.117392,10mm/h,10,2,1,~0.5m,1,1,0,0,0,0,15.8,41,낮음,1,1
G0334,37.498794,127.11737,10mm/h,10,2,1,~0.5m,1,1,0,0,0,0,82.2,40,낮음,1,1
G0335,37.5033,127.117347,10mm/h,10,2,1,~0.5m,1,1,0,0,0,0,154.8,40,낮음,1,1
G0336,37.507807,127.117323,10mm/h,10,2,0,none,0,0,0,0,0,0,423.5,6,낮음,0,0
G0337,37.512314,127.1173,10mm/h,10,2,0,none,0,0,0,0,0,0,471.5,5,낮음,0,0
G0338,37.51682,127.117277,10mm/h,10,2,0,none,0,0,0,0,0,0,563.0,5,낮음,0,0
G0339,37.521327,127.117254,10mm/h,10,2,0,none,0,0,0,0,0,0,865.2,3,낮음,0,0
G0340,37.525834,127.117231,10mm/h,10,2,0,none,0,0,0,0,0,0,452.1,6,낮음,0,0
G0341,37.530341,127.117208,10mm/h,10,2,1,~0.5m,1,1,0,0,0,0,0.0,41,낮음,1,1
G0342,37.534489,127.117187,10mm/h,10,2,2,0.5~1.0m,1,1,0,0,0,0,201.0,42,낮음,1,1
G0343,37.458248,127.122396,10mm/h,10,2,0,none,0,0,0,0,0,0,822.6,4,낮음,0,0
G0344,37.462755,127.122374,10mm/h,10,2,0,none,0,0,0,0,0,0,597.0,5,낮음,0,0
G0345,37.467262,127.122351,10mm/h,10,2,0,none,0,0,0,0,0,0,238.7,7,낮음,0,0
G0346,37.471769,127.122328,10mm/h,10,2,0,none,0,0,0,0,0,0,279.8,7,낮음,0,0
G0347,37.476275,127.122306,10mm/h,10,2,0,none,0,0,0,0,0,0,331.5,6,낮음,0,0
G0348,37.480782,127.122283,10mm/h,10,2,0,none,0,0,0,0,0,0,276.4,7,낮음,0,0
G0349,37.485289,127.12226,10mm/h,10,2,2,0.5~1.0m,1,1,0,0,0,0,0.0,43,낮음,1,1
G0350,37.489796,127.122238,10mm/h,10,2,1,~0.5m,1,1,0,0,0,0,46.6,40,낮음,1,1
G0351,37.494302,127.122215,10mm/h,10,2,0,none,0,0,0,0,0,0,241.8,7,낮음,0,0
G0352,37.498809,127.122192,10mm/h,10,2,0,none,0,0,0,0,0,0,508.4,5,낮음,0,0
G0353,37.503316,127.122169,10mm/h,10,2,1,~0.5m,1,1,0,0,0,0,285.4,39,낮음,1,1
G0354,37.507823,127.122147,10mm/h,10,2,1,~0.5m,1,1,0,0,0,0,257.2,39,낮음,1,1
G0355,37.512329,127.122124,10mm/h,10,2,1,~0.5m,1,1,0,0,0,0,294.6,39,낮음,1,1
G0356,37.516836,127.122101,10mm/h,10,2,1,~0.5m,1,1,0,0,0,0,209.4,40,낮음,1,1
G0357,37.521343,127.122079,10mm/h,10,2,0,none,0,0,0,0,0,0,506.7,5,낮음,0,0
G0358,37.525849,127.122056,10mm/h,10,2,0,none,0,0,0,0,0,0,411.4,6,낮음,0,0
G0359,37.530356,127.122033,10mm/h,10,2,0,none,0,0,0,0,0,0,295.3,6,낮음,0,0
G0360,37.534504,127.122012,10mm/h,10,2,1,~0.5m,1,1,0,0,0,0,76.4,40,낮음,1,1
G0001,37.45786,127.015815,30mm/h,30,4,0,none,0,0,0,0,0,0,899.4,4,낮음,0,0
G0002,37.462366,127.015786,30mm/h,30,4,0,none,0,0,0,0,0,0,721.4,5,낮음,0,0
G0003,37.466873,127.015757,30mm/h,30,4,0,none,0,0,0,0,0,0,710.2,6,낮음,0,0
G0004,37.47138,127.015728,30mm/h,30,4,0,none,0,0,0,0,0,0,974.9,4,낮음,0,0
G0005,37.475886,127.015698,30mm/h,30,4,0,none,0,0,0,0,0,0,1098.6,3,낮음,0,0
G0006,37.480393,127.015669,30mm/h,30,4,0,none,0,0,0,0,0,0,965.1,4,낮음,0,0
G0007,37.4849,127.01564,30mm/h,30,4,0,none,0,0,0,0,0,0,953.5,4,낮음,0,0
G0008,37.489407,127.015611,30mm/h,30,4,0,none,0,0,0,0,0,0,479.3,7,낮음,0,0
G0009,37.493913,127.015582,30mm/h,30,4,1,~0.5m,1,1,0,0,0,0,158.9,52,주의,1,1
G0010,37.49842,127.015553,30mm/h,30,4,1,~0.5m,1,1,0,0,0,0,317.1,51,주의,1,1
G0011,37.502927,127.015524,30mm/h,30,4,2,0.5~1.0m,1,1,0,0,0,0,39.6,56,주의,1,1
G0012,37.507433,127.015495,30mm/h,30,4,1,~0.5m,1,1,0,0,0,0,113.2,53,주의,1,1
G0013,37.51194,127.015466,30mm/h,30,4,1,~0.5m,1,1,0,0,0,0,69.8,53,주의,1,1
G0014,37.516447,127.015436,30mm/h,30,4,1,~0.5m,1,1,0,0,0,0,143.3,52,주의,1,1
G0015,37.520953,127.015407,30mm/h,30,4,1,~0.5m,1,1,0,0,0,0,274.3,51,주의,1,1
G0016,37.52546,127.015378,30mm/h,30,4,0,none,0,0,0,0,0,0,425.2,8,낮음,0,0
G0017,37.529967,127.015349,30mm/h,30,4,0,none,0,0,0,0,0,0,623.2,6,낮음,0,0
G0018,37.534115,127.015322,30mm/h,30,4,0,none,0,0,0,0,0,0,565.5,7,낮음,0,0
G0019,37.457883,127.021468,30mm/h,30,4,0,none,0,0,0,0,0,0,502.2,7,낮음,0,0
G0020,37.462389,127.021439,30mm/h,30,4,1,~0.5m,1,1,0,0,0,0,285.4,51,주의,1,1
G0021,37.466896,127.021411,30mm/h,30,4,1,~0.5m,1,1,0,0,0,0,270.2,51,주의,1,1
G0022,37.471403,127.021382,30mm/h,30,4,0,none,0,0,0,0,0,0,670.6,6,낮음,0,0
G0023,37.47591,127.021353,30mm/h,30,4,0,none,0,0,0,0,0,0,598.7,6,낮음,0,0
G0024,37.480416,127.021324,30mm/h,30,4,0,none,0,0,0,0,0,0,762.3,5,낮음,0,0
G0025,37.484923,127.021296,30mm/h,30,4,0,none,0,0,0,0,0,0,953.2,4,낮음,0,0
G0026,37.48943,127.021267,30mm/h,30,4,0,none,0,0,0,0,0,0,479.4,7,낮음,0,0
G0027,37.493936,127.021238,30mm/h,30,4,2,0.5~1.0m,1,1,0,0,0,0,69.2,56,주의,1,1
G0028,37.498443,127.021209,30mm/h,30,4,1,~0.5m,1,1,0,0,0,0,0.0,53,주의,1,1
G0029,37.50295,127.021181,30mm/h,30,4,2,0.5~1.0m,1,1,0,0,0,0,0.0,56,주의,1,1
G0030,37.507456,127.021152,30mm/h,30,4,1,~0.5m,1,1,1,0,1,16,145.4,89,높음,1,1
G0031,37.511963,127.021123,30mm/h,30,4,0,none,0,0,1,0,1,1,283.1,45,주의,1,1
G0032,37.51647,127.021094,30mm/h,30,4,0,none,0,0,1,0,1,1,115.1,46,주의,1,1
G0033,37.520976,127.021065,30mm/h,30,4,1,~0.5m,1,1,0,0,0,0,60.4,53,주의,1,1
G0034,37.525483,127.021037,30mm/h,30,4,1,~0.5m,1,1,1,0,1,1,125.8,89,높음,1,1
G0035,37.52999,127.021008,30mm/h,30,4,1,~0.5m,1,1,0,0,0,0,208.4,52,주의,1,1
G0036,37.534138,127.020981,30mm/h,30,4,0,none,0,0,0,0,0,0,496.2,7,낮음,0,0
G0037,37.457905,127.027121,30mm/h,30,4,0,none,0,0,0,0,0,0,353.9,8,낮음,0,0
G0038,37.462412,127.027093,30mm/h,30,4,3,1.0~1.5m,1,1,0,0,0,0,0.0,59,주의,1,1
G0039,37.466919,127.027065,30mm/h,30,4,3,1.0~1.5m,1,1,0,0,0,0,32.9,59,주의,1,1
G0040,37.471426,127.027036,30mm/h,30,4,0,none,0,0,0,0,0,0,413.1,8,낮음,0,0
G0041,37.475932,127.027008,30mm/h,30,4,1,~0.5m,1,1,0,0,0,0,99.7,53,주의,1,1
G0042,37.480439,127.026979,30mm/h,30,4,0,none,0,0,0,0,0,0,465.1,7,낮음,0,0
G0043,37.484946,127.026951,30mm/h,30,4,0,none,0,0,0,0,0,0,656.7,6,낮음,0,0
G0044,37.489452,127.026923,30mm/h,30,4,1,~0.5m,1,1,0,0,0,0,267.0,52,주의,1,1
G0045,37.493959,127.026894,30mm/h,30,4,5,2.0~3.0m,0,1,1,0,1,2,0.0,62,주의,1,1
G0046,37.498466,127.026866,30mm/h,30,4,1,~0.5m,1,1,1,0,1,3,40.5,90,높음,1,1
G0047,37.502972,127.026837,30mm/h,30,4,1,~0.5m,1,1,1,0,1,4,105.7,89,높음,1,1
G0048,37.507479,127.026809,30mm/h,30,4,5,2.0~3.0m,0,1,1,0,1,113,0.0,62,주의,1,1
G0049,37.511986,127.02678,30mm/h,30,4,0,none,0,0,1,1,1,76,13.8,47,주의,1,1
G0050,37.516492,127.026752,30mm/h,30,4,0,none,0,0,0,0,0,0,315.9,8,낮음,0,0
G0051,37.520999,127.026724,30mm/h,30,4,5,2.0~3.0m,0,1,1,0,1,10,1.1,62,주의,1,1
G0052,37.525506,127.026695,30mm/h,30,4,2,0.5~1.0m,1,1,1,0,1,1,74.1,93,높음,1,1
G0053,37.530012,127.026667,30mm/h,30,4,1,~0.5m,1,1,0,0,0,0,222.5,52,주의,1,1
G0054,37.534161,127.02664,30mm/h,30,4,0,none,0,0,0,0,0,0,416.0,8,낮음,0,0
G0055,37.457928,127.032775,30mm/h,30,4,0,none,0,0,0,0,0,0,565.8,7,낮음,0,0
G0056,37.462435,127.032747,30mm/h,30,4,0,none,0,0,0,0,0,0,342.9,8,낮음,0,0
G0057,37.466941,127.032719,30mm/h,30,4,3,1.0~1.5m,1,1,0,0,0,0,135.9,58,주의,1,1
G0058,37.471448,127.032691,30mm/h,30,4,2,0.5~1.0m,1,1,0,0,0,0,59.9,56,주의,1,1
G0059,37.475955,127.032663,30mm/h,30,4,3,1.0~1.5m,1,1,0,0,0,0,125.6,58,주의,1,1
G0060,37.480461,127.032635,30mm/h,30,4,0,none,0,0,0,0,0,0,497.3,7,낮음,0,0
G0061,37.484968,127.032606,30mm/h,30,4,0,none,0,0,1,0,1,1,317.6,45,주의,1,1
G0062,37.489475,127.032578,30mm/h,30,4,0,none,0,0,1,0,1,5,64.7,47,주의,1,1
G0063,37.493982,127.03255,30mm/h,30,4,5,2.0~3.0m,0,1,1,0,1,56,0.0,62,주의,1,1
G0064,37.498488,127.032522,30mm/h,30,4,1,~0.5m,1,1,1,0,1,8,95.1,89,높음,1,1
G0065,37.502995,127.032494,30mm/h,30,4,0,none,0,0,1,0,1,9,37.3,47,주의,1,1
G0066,37.507502,127.032466,30mm/h,30,4,0,none,0,0,1,0,1,14,59.7,47,주의,1,1
G0067,37.512008,127.032438,30mm/h,30,4,0,none,0,0,1,0,1,14,62.6,47,주의,1,1
G0068,37.516515,127.03241,30mm/h,30,4,0,none,0,0,1,0,1,1,279.8,45,주의,1,1
G0069,37.521022,127.032382,30mm/h,30,4,1,~0.5m,1,1,1,0,1,1,206.3,89,높음,1,1
G0070,37.525528,127.032354,30mm/h,30,4,2,0.5~1.0m,1,1,1,0,1,3,77.8,93,높음,1,1
G0071,37.530035,127.032325,30mm/h,30,4,2,0.5~1.0m,1,1,0,0,0,0,0.0,56,주의,1,1
G0072,37.534183,127.0323,30mm/h,30,4,1,~0.5m,1,1,0,0,0,0,151.7,52,주의,1,1
G0073,37.45795,127.038428,30mm/h,30,4,0,none,0,0,0,0,0,0,425.0,8,낮음,0,0
G0074,37.462457,127.038401,30mm/h,30,4,1,~0.5m,1,1,0,0,0,0,0.0,53,주의,1,1
G0075,37.466964,127.038373,30mm/h,30,4,1,~0.5m,1,1,0,0,0,0,125.0,52,주의,1,1
G0076,37.47147,127.038345,30mm/h,30,4,2,0.5~1.0m,1,1,0,0,0,0,0.0,56,주의,1,1
G0077,37.475977,127.038317,30mm/h,30,4,2,0.5~1.0m,1,1,0,0,0,0,241.9,55,주의,1,1
G0078,37.480484,127.03829,30mm/h,30,4,2,0.5~1.0m,1,1,0,0,0,0,66.6,56,주의,1,1
G0079,37.48499,127.038262,30mm/h,30,4,1,~0.5m,1,1,1,0,1,10,0.0,90,높음,1,1
G0080,37.489497,127.038234,30mm/h,30,4,1,~0.5m,1,1,1,0,1,2,93.7,89,높음,1,1
G0081,37.494004,127.038206,30mm/h,30,4,1,~0.5m,1,1,1,0,1,14,0.0,90,높음,1,1
G0082,37.498511,127.038179,30mm/h,30,4,0,none,0,0,1,0,1,3,192.4,46,주의,1,1
G0083,37.503017,127.038151,30mm/h,30,4,0,none,0,0,1,0,1,2,193.3,46,주의,1,1
G0084,37.507524,127.038123,30mm/h,30,4,0,none,0,0,1,0,1,3,226.5,46,주의,1,1
G0085,37.512031,127.038095,30mm/h,30,4,0,none,0,0,1,0,1,5,152.4,46,주의,1,1
G0086,37.516537,127.038068,30mm/h,30,4,1,~0.5m,1,1,1,0,1,2,33.3,90,높음,1,1
G0087,37.521044,127.03804,30mm/h,30,4,2,0.5~1.0m,1,1,1,0,1,3,66.5,93,높음,1,1
G0088,37.525551,127.038012,30mm/h,30,4,2,0.5~1.0m,1,1,1,0,1,1,0.0,93,높음,1,1
G0089,37.530057,127.037984,30mm/h,30,4,3,1.0~1.5m,1,1,0,0,0,0,3.0,59,주의,1,1
G0090,37.534205,127.037959,30mm/h,30,4,0,none,0,0,0,0,0,0,310.7,8,낮음,0,0
G0091,37.457972,127.044082,30mm/h,30,4,5,2.0~3.0m,0,1,0,0,0,0,190.9,24,낮음,1,0
G0092,37.462479,127.044054,30mm/h,30,4,1,~0.5m,1,1,0,0,0,0,242.8,52,주의,1,1
G0093,37.466986,127.044027,30mm/h,30,4,4,1.5~2.0m,1,1,0,0,0,0,131.0,61,주의,1,1
G0094,37.471492,127.043999,30mm/h,30,4,1,~0.5m,1,1,0,0,0,0,229.1,52,주의,1,1
G0095,37.475999,127.043972,30mm/h,30,4,3,1.0~1.5m,1,1,1,0,1,5,0.0,96,높음,1,1
G0096,37.480506,127.043945,30mm/h,30,4,3,1.0~1.5m,1,1,1,0,1,6,43.6,96,높음,1,1
G0097,37.485012,127.043917,30mm/h,30,4,1,~0.5m,1,1,1,0,1,5,88.9,90,높음,1,1
G0098,37.489519,127.04389,30mm/h,30,4,1,~0.5m,1,1,0,0,0,0,333.7,51,주의,1,1
G0099,37.494026,127.043863,30mm/h,30,4,1,~0.5m,1,1,1,0,1,7,125.9,89,높음,1,1
G0100,37.498532,127.043835,30mm/h,30,4,0,none,0,0,1,0,1,1,248.9,46,주의,1,1
G0101,37.503039,127.043808,30mm/h,30,4,0,none,0,0,0,0,0,0,286.9,8,낮음,0,0
G0102,37.507546,127.04378,30mm/h,30,4,0,none,0,0,1,0,1,3,102.2,47,주의,1,1
G0103,37.512053,127.043753,30mm/h,30,4,0,none,0,0,1,0,1,2,197.4,46,주의,1,1
G0104,37.516559,127.043725,30mm/h,30,4,1,~0.5m,1,1,0,0,0,0,0.0,53,주의,1,1
G0105,37.521066,127.043698,30mm/h,30,4,1,~0.5m,1,1,1,0,1,10,111.2,89,높음,1,1
G0106,37.525573,127.043671,30mm/h,30,4,0,none,0,0,1,0,1,1,289.4,45,주의,1,1
G0107,37.530079,127.043643,30mm/h,30,4,1,~0.5m,1,1,0,0,0,0,6.2,53,주의,1,1
G0108,37.534227,127.043618,30mm/h,30,4,0,none,0,0,0,0,0,0,416.3,8,낮음,0,0
G0109,37.457994,127.049735,30mm/h,30,4,1,~0.5m,1,1,0,0,0,0,164.4,52,주의,1,1
G0110,37.462501,127.049708,30mm/h,30,4,0,none,0,0,0,0,0,0,402.6,8,낮음,0,0
G0111,37.467007,127.049681,30mm/h,30,4,0,none,0,0,0,0,0,0,538.2,7,낮음,0,0
G0112,37.471514,127.049654,30mm/h,30,4,1,~0.5m,1,1,1,0,1,3,203.3,89,높음,1,1
G0113,37.476021,127.049627,30mm/h,30,4,1,~0.5m,1,1,1,0,1,61,0.0,90,높음,1,1
G0114,37.480527,127.0496,30mm/h,30,4,1,~0.5m,1,1,1,0,1,23,121.5,89,높음,1,1
G0115,37.485034,127.049573,30mm/h,30,4,2,0.5~1.0m,1,1,0,0,0,0,0.0,56,주의,1,1
G0116,37.489541,127.049546,30mm/h,30,4,1,~0.5m,1,1,0,0,0,0,96.6,53,주의,1,1
G0117,37.494047,127.049519,30mm/h,30,4,1,~0.5m,1,1,0,0,0,0,222.4,52,주의,1,1
G0118,37.498554,127.049492,30mm/h,30,4,1,~0.5m,1,1,1,0,1,4,165.8,89,높음,1,1
G0119,37.503061,127.049464,30mm/h,30,4,1,~0.5m,1,1,1,0,1,3,63.7,90,높음,1,1
G0120,37.507568,127.049437,30mm/h,30,4,2,0.5~1.0m,1,1,1,0,1,11,59.9,93,높음,1,1
G0121,37.512074,127.04941,30mm/h,30,4,0,none,0,0,1,0,1,6,97.4,47,주의,1,1
G0122,37.516581,127.049383,30mm/h,30,4,1,~0.5m,1,1,0,0,0,0,132.7,52,주의,1,1
G0123,37.521088,127.049356,30mm/h,30,4,2,0.5~1.0m,1,1,1,1,1,12,89.8,92,높음,1,1
G0124,37.525594,127.049329,30mm/h,30,4,3,1.0~1.5m,1,1,1,0,1,2,0.0,96,높음,1,1
G0125,37.530101,127.049302,30mm/h,30,4,3,1.0~1.5m,1,1,0,0,0,0,167.7,58,주의,1,1
G0126,37.534249,127.049277,30mm/h,30,4,1,~0.5m,1,1,0,0,0,0,246.6,52,주의,1,1
G0127,37.458015,127.055388,30mm/h,30,4,0,none,0,0,0,0,0,0,597.2,6,낮음,0,0
G0128,37.462522,127.055362,30mm/h,30,4,0,none,0,0,0,0,0,0,745.7,5,낮음,0,0
G0129,37.467029,127.055335,30mm/h,30,4,0,none,0,0,0,0,0,0,754.0,5,낮음,0,0
G0130,37.471535,127.055308,30mm/h,30,4,0,none,0,0,1,0,1,1,271.7,45,주의,1,1
G0131,37.476042,127.055282,30mm/h,30,4,3,1.0~1.5m,1,1,1,0,1,5,111.8,95,높음,1,1
G0132,37.480549,127.055255,30mm/h,30,4,3,1.0~1.5m,1,1,0,0,0,0,54.2,59,주의,1,1
G0133,37.485056,127.055228,30mm/h,30,4,2,0.5~1.0m,1,1,1,0,1,1,72.4,93,높음,1,1
G0134,37.489562,127.055201,30mm/h,30,4,1,~0.5m,1,1,1,0,1,2,29.9,90,높음,1,1
G0135,37.494069,127.055175,30mm/h,30,4,1,~0.5m,1,1,1,0,1,1,144.8,89,높음,1,1
G0136,37.498576,127.055148,30mm/h,30,4,3,1.0~1.5m,1,1,1,1,1,21,0.0,96,높음,1,1
G0137,37.503082,127.055121,30mm/h,30,4,0,none,0,0,1,0,1,3,42.2,47,주의,1,1
G0138,37.507589,127.055095,30mm/h,30,4,2,0.5~1.0m,1,1,1,0,1,9,0.0,93,높음,1,1
G0139,37.512096,127.055068,30mm/h,30,4,0,none,0,0,1,0,1,3,15.1,47,주의,1,1
G0140,37.516602,127.055041,30mm/h,30,4,0,none,0,0,1,0,1,1,229.0,46,주의,1,1
G0141,37.521109,127.055014,30mm/h,30,4,1,~0.5m,1,1,1,0,1,1,108.5,89,높음,1,1
G0142,37.525616,127.054988,30mm/h,30,4,3,1.0~1.5m,1,1,1,0,1,1,0.0,96,높음,1,1
G0143,37.530122,127.054961,30mm/h,30,4,1,~0.5m,1,1,0,0,0,0,326.9,51,주의,1,1
G0144,37.534271,127.054936,30mm/h,30,4,2,0.5~1.0m,1,1,0,0,0,0,93.6,56,주의,1,1
G0145,37.458036,127.061042,30mm/h,30,4,0,none,0,0,0,0,0,0,812.0,5,낮음,0,0
G0146,37.462543,127.061015,30mm/h,30,4,0,none,0,0,0,0,0,0,1203.2,2,낮음,0,0
G0147,37.46705,127.060989,30mm/h,30,4,0,none,0,0,0,0,0,0,967.7,4,낮음,0,0
G0148,37.471557,127.060963,30mm/h,30,4,0,none,0,0,0,0,0,0,600.0,6,낮음,0,0
G0149,37.476063,127.060936,30mm/h,30,4,0,none,0,0,1,0,1,6,229.7,46,주의,1,1
G0150,37.48057,127.06091,30mm/h,30,4,1,~0.5m,1,1,0,0,0,0,25.4,53,주의,1,1
G0151,37.485077,127.060884,30mm/h,30,4,2,0.5~1.0m,1,1,1,0,1,6,0.0,93,높음,1,1
G0152,37.489583,127.060857,30mm/h,30,4,2,0.5~1.0m,1,1,1,0,1,1,98.2,92,높음,1,1
G0153,37.49409,127.060831,30mm/h,30,4,1,~0.5m,1,1,1,0,1,1,0.0,90,높음,1,1
G0154,37.498597,127.060805,30mm/h,30,4,1,~0.5m,1,1,1,0,1,4,151.8,89,높음,1,1
G0155,37.503103,127.060778,30mm/h,30,4,0,none,0,0,1,0,1,1,70.0,47,주의,1,1
G0156,37.50761,127.060752,30mm/h,30,4,1,~0.5m,1,1,0,0,0,0,18.3,53,주의,1,1
G0157,37.512117,127.060725,30mm/h,30,4,3,1.0~1.5m,1,1,0,0,0,0,0.0,59,주의,1,1
G0158,37.516624,127.060699,30mm/h,30,4,1,~0.5m,1,1,1,0,1,4,82.2,90,높음,1,1
G0159,37.52113,127.060672,30mm/h,30,4,0,none,0,0,0,0,0,0,311.2,8,낮음,0,0
G0160,37.525637,127.060646,30mm/h,30,4,0,none,0,0,0,0,0,0,335.2,8,낮음,0,0
G0161,37.530144,127.06062,30mm/h,30,4,0,none,0,0,0,0,0,0,531.5,7,낮음,0,0
G0162,37.534292,127.060595,30mm/h,30,4,1,~0.5m,1,1,0,0,0,0,216.5,52,주의,1,1
G0163,37.458057,127.066695,30mm/h,30,4,0,none,0,0,0,0,0,0,1182.9,2,낮음,0,0
G0164,37.462564,127.066669,30mm/h,30,4,0,none,0,0,0,0,0,0,1386.9,1,낮음,0,0
G0165,37.467071,127.066643,30mm/h,30,4,0,none,0,0,0,0,0,0,887.0,4,낮음,0,0
G0166,37.471577,127.066617,30mm/h,30,4,0,none,0,0,0,0,0,0,387.4,8,낮음,0,0
G0167,37.476084,127.066591,30mm/h,30,4,0,none,0,0,1,0,1,13,82.6,47,주의,1,1
G0168,37.480591,127.066565,30mm/h,30,4,0,none,0,0,1,0,1,3,284.7,45,주의,1,1
G0169,37.485098,127.066539,30mm/h,30,4,2,0.5~1.0m,1,1,0,0,0,0,122.8,55,주의,1,1
G0170,37.489604,127.066513,30mm/h,30,4,3,1.0~1.5m,1,1,0,0,0,0,13.1,59,주의,1,1
G0171,37.494111,127.066487,30mm/h,30,4,1,~0.5m,1,1,0,0,0,0,0.0,53,주의,1,1
G0172,37.498618,127.066461,30mm/h,30,4,0,none,0,0,0,0,0,0,287.2,8,낮음,0,0
G0173,37.503124,127.066435,30mm/h,30,4,0,none,0,0,0,0,0,0,412.0,8,낮음,0,0
G0174,37.507631,127.066409,30mm/h,30,4,1,~0.5m,1,1,0,0,0,0,209.9,52,주의,1,1
G0175,37.512138,127.066383,30mm/h,30,4,2,0.5~1.0m,1,1,0,0,0,0,4.7,56,주의,1,1
G0176,37.516644,127.066357,30mm/h,30,4,1,~0.5m,1,1,1,0,1,1,62.1,90,높음,1,1
G0177,37.521151,127.066331,30mm/h,30,4,0,none,0,0,0,0,0,0,427.5,8,낮음,0,0
G0178,37.525658,127.066305,30mm/h,30,4,0,none,0,0,0,0,0,0,661.4,6,낮음,0,0
G0179,37.530165,127.066278,30mm/h,30,4,1,~0.5m,1,1,0,0,0,0,262.3,52,주의,1,1
G0180,37.534313,127.066254,30mm/h,30,4,2,0.5~1.0m,1,1,0,0,0,0,44.3,56,주의,1,1
G0181,37.458078,127.072349,30mm/h,30,4,0,none,0,0,0,0,0,0,1564.7,0,낮음,0,0
G0182,37.462585,127.072323,30mm/h,30,4,0,none,0,0,0,0,0,0,1422.2,1,낮음,0,0
G0183,37.467091,127.072297,30mm/h,30,4,0,none,0,0,0,0,0,0,939.8,4,낮음,0,0
G0184,37.471598,127.072272,30mm/h,30,4,0,none,0,0,0,0,0,0,493.9,7,낮음,0,0
G0185,37.476105,127.072246,30mm/h,30,4,0,none,0,0,0,0,0,0,323.5,8,낮음,0,0
G0186,37.480611,127.07222,30mm/h,30,4,0,none,0,0,1,0,1,2,194.2,46,주의,1,1
G0187,37.485118,127.072195,30mm/h,30,4,1,~0.5m,1,1,0,0,0,0,157.1,52,주의,1,1
G0188,37.489625,127.072169,30mm/h,30,4,1,~0.5m,1,1,0,0,0,0,239.2,52,주의,1,1
G0189,37.494132,127.072143,30mm/h,30,4,1,~0.5m,1,1,0,0,0,0,107.1,53,주의,1,1
G0190,37.498638,127.072117,30mm/h,30,4,0,none,0,0,0,0,0,0,369.5,8,낮음,0,0
G0191,37.503145,127.072092,30mm/h,30,4,0,none,0,0,0,0,0,0,721.9,5,낮음,0,0
G0192,37.507652,127.072066,30mm/h,30,4,0,none,0,0,0,0,0,0,549.6,7,낮음,0,0
G0193,37.512158,127.07204,30mm/h,30,4,0,none,0,0,0,0,0,0,456.5,7,낮음,0,0
G0194,37.516665,127.072015,30mm/h,30,4,0,none,0,0,0,0,0,0,560.6,7,낮음,0,0
G0195,37.521172,127.071989,30mm/h,30,4,0,none,0,0,0,0,0,0,753.5,5,낮음,0,0
G0196,37.525678,127.071963,30mm/h,30,4,0,none,0,0,0,0,0,0,540.0,7,낮음,0,0
G0197,37.530185,127.071937,30mm/h,30,4,2,0.5~1.0m,1,1,0,0,0,0,48.8,56,주의,1,1
G0198,37.534333,127.071914,30mm/h,30,4,1,~0.5m,1,1,0,0,0,0,7.3,53,주의,1,1
G0199,37.458098,127.078002,30mm/h,30,4,0,none,0,0,0,0,0,0,1983.3,0,낮음,0,0
G0200,37.462605,127.077977,30mm/h,30,4,0,none,0,0,0,0,0,0,1605.2,0,낮음,0,0
G0201,37.467112,127.077951,30mm/h,30,4,0,none,0,0,0,0,0,0,1198.9,2,낮음,0,0
G0202,37.471618,127.077926,30mm/h,30,4,0,none,0,0,0,0,0,0,893.3,4,낮음,0,0
G0203,37.476125,127.077901,30mm/h,30,4,0,none,0,0,0,0,0,0,750.0,5,낮음,0,0
G0204,37.480632,127.077875,30mm/h,30,4,0,none,0,0,0,0,0,0,332.9,8,낮음,0,0
G0205,37.485139,127.07785,30mm/h,30,4,0,none,0,0,1,0,1,1,154.6,46,주의,1,1
G0206,37.489645,127.077825,30mm/h,30,4,1,~0.5m,1,1,0,0,0,0,75.8,53,주의,1,1
G0207,37.494152,127.077799,30mm/h,30,4,2,0.5~1.0m,1,1,0,0,0,0,68.1,56,주의,1,1
G0208,37.498659,127.077774,30mm/h,30,4,2,0.5~1.0m,1,1,0,0,0,0,80.9,56,주의,1,1
G0209,37.503165,127.077749,30mm/h,30,4,0,none,0,0,0,0,0,0,522.6,7,낮음,0,0
G0210,37.507672,127.077723,30mm/h,30,4,1,~0.5m,1,1,0,0,0,0,330.3,51,주의,1,1
G0211,37.512179,127.077698,30mm/h,30,4,1,~0.5m,1,1,0,0,0,0,253.3,52,주의,1,1
G0212,37.516685,127.077672,30mm/h,30,4,0,none,0,0,0,0,0,0,568.2,7,낮음,0,0
G0213,37.521192,127.077647,30mm/h,30,4,0,none,0,0,0,0,0,0,781.6,5,낮음,0,0
G0214,37.525699,127.077622,30mm/h,30,4,0,none,0,0,0,0,0,0,317.3,8,낮음,0,0
G0215,37.530206,127.077596,30mm/h,30,4,6,3.0m~,0,1,0,0,0,0,58.1,28,낮음,1,0
G0216,37.534354,127.077573,30mm/h,30,4,1,~0.5m,1,1,0,0,0,0,85.3,53,주의,1,1
G0217,37.458118,127.083656,30mm/h,30,4,0,none,0,0,0,0,0,0,1693.5,0,낮음,0,0
G0218,37.462625,127.083631,30mm/h,30,4,0,none,0,0,0,0,0,0,1434.6,0,낮음,0,0
G0219,37.467132,127.083606,30mm/h,30,4,0,none,0,0,0,0,0,0,1320.1,1,낮음,0,0
G0220,37.471638,127.083581,30mm/h,30,4,0,none,0,0,0,0,0,0,1358.1,1,낮음,0,0
G0221,37.476145,127.083556,30mm/h,30,4,0,none,0,0,0,0,0,0,956.2,4,낮음,0,0
G0222,37.480652,127.083531,30mm/h,30,4,0,none,0,0,0,0,0,0,573.6,6,낮음,0,0
G0223,37.485159,127.083506,30mm/h,30,4,0,none,0,0,0,0,0,0,491.7,7,낮음,0,0
G0224,37.489665,127.08348,30mm/h,30,4,1,~0.5m,1,1,1,0,1,32,28.4,90,높음,1,1
G0225,37.494172,127.083455,30mm/h,30,4,1,~0.5m,1,1,1,0,1,18,30.1,90,높음,1,1
G0226,37.498679,127.08343,30mm/h,30,4,2,0.5~1.0m,1,1,0,0,0,0,0.0,56,주의,1,1
G0227,37.503185,127.083405,30mm/h,30,4,1,~0.5m,1,1,0,0,0,0,97.3,53,주의,1,1
G0228,37.507692,127.08338,30mm/h,30,4,1,~0.5m,1,1,0,0,0,0,25.8,53,주의,1,1
G0229,37.512199,127.083355,30mm/h,30,4,1,~0.5m,1,1,0,0,0,0,56.8,53,주의,1,1
G0230,37.516706,127.08333,30mm/h,30,4,1,~0.5m,1,1,0,0,0,0,78.3,53,주의,1,1
G0231,37.521212,127.083305,30mm/h,30,4,0,none,0,0,0,0,0,0,529.9,7,낮음,0,0
G0232,37.525719,127.08328,30mm/h,30,4,0,none,0,0,0,0,0,0,553.1,7,낮음,0,0
G0233,37.530226,127.083255,30mm/h,30,4,1,~0.5m,1,1,0,0,0,0,105.4,53,주의,1,1
G0234,37.534374,127.083232,30mm/h,30,4,1,~0.5m,1,1,0,0,0,0,105.9,53,주의,1,1
G0235,37.458138,127.089309,30mm/h,30,4,0,none,0,0,0,0,0,0,1340.6,1,낮음,0,0
G0236,37.462645,127.089284,30mm/h,30,4,0,none,0,0,0,0,0,0,993.6,4,낮음,0,0
G0237,37.467151,127.08926,30mm/h,30,4,0,none,0,0,0,0,0,0,822.8,5,낮음,0,0
G0238,37.471658,127.089235,30mm/h,30,4,0,none,0,0,0,0,0,0,884.6,4,낮음,0,0
G0239,37.476165,127.08921,30mm/h,30,4,0,none,0,0,0,0,0,0,862.3,4,낮음,0,0
G0240,37.480672,127.089186,30mm/h,30,4,0,none,0,0,0,0,0,0,804.4,5,낮음,0,0
G0241,37.485178,127.089161,30mm/h,30,4,0,none,0,0,0,0,0,0,570.8,7,낮음,0,0
G0242,37.489685,127.089136,30mm/h,30,4,1,~0.5m,1,1,0,0,0,0,95.8,53,주의,1,1
G0243,37.494192,127.089112,30mm/h,30,4,1,~0.5m,1,1,0,0,0,0,77.1,53,주의,1,1
G0244,37.498699,127.089087,30mm/h,30,4,1,~0.5m,1,1,0,0,0,0,121.2,53,주의,1,1
G0245,37.503205,127.089062,30mm/h,30,4,1,~0.5m,1,1,0,0,0,0,111.9,53,주의,1,1
G0246,37.507712,127.089038,30mm/h,30,4,1,~0.5m,1,1,0,0,0,0,0.0,53,주의,1,1
G0247,37.512219,127.089013,30mm/h,30,4,1,~0.5m,1,1,0,0,0,0,167.1,52,주의,1,1
G0248,37.516725,127.088988,30mm/h,30,4,1,~0.5m,1,1,0,0,0,0,142.1,52,주의,1,1
G0249,37.521232,127.088963,30mm/h,30,4,0,none,0,0,0,0,0,0,516.6,7,낮음,0,0
G0250,37.525739,127.088939,30mm/h,30,4,0,none,0,0,0,0,0,0,378.5,8,낮음,0,0
G0251,37.530245,127.088914,30mm/h,30,4,2,0.5~1.0m,1,1,0,0,0,0,47.3,56,주의,1,1
G0252,37.534394,127.088891,30mm/h,30,4,1,~0.5m,1,1,0,0,0,0,188.0,52,주의,1,1
G0253,37.458157,127.094962,30mm/h,30,4,0,none,0,0,0,0,0,0,1078.4,3,낮음,0,0
G0254,37.462664,127.094938,30mm/h,30,4,0,none,0,0,0,0,0,0,645.3,6,낮음,0,0
G0255,37.467171,127.094914,30mm/h,30,4,0,none,0,0,0,0,0,0,326.4,8,낮음,0,0
G0256,37.471678,127.094889,30mm/h,30,4,0,none,0,0,0,0,0,0,453.5,7,낮음,0,0
G0257,37.476184,127.094865,30mm/h,30,4,0,none,0,0,0,0,0,0,388.9,8,낮음,0,0
G0258,37.480691,127.094841,30mm/h,30,4,0,none,0,0,0,0,0,0,481.7,7,낮음,0,0
G0259,37.485198,127.094816,30mm/h,30,4,1,~0.5m,1,1,0,0,0,0,165.4,52,주의,1,1
G0260,37.489705,127.094792,30mm/h,30,4,2,0.5~1.0m,1,1,0,0,0,0,250.1,55,주의,1,1
G0261,37.494211,127.094768,30mm/h,30,4,2,0.5~1.0m,1,1,0,0,0,0,17.4,56,주의,1,1
G0262,37.498718,127.094743,30mm/h,30,4,1,~0.5m,1,1,0,0,0,0,0.0,53,주의,1,1
G0263,37.503225,127.094719,30mm/h,30,4,1,~0.5m,1,1,0,0,0,0,20.8,53,주의,1,1
G0264,37.507732,127.094695,30mm/h,30,4,1,~0.5m,1,1,0,0,0,0,0.0,53,주의,1,1
G0265,37.512238,127.09467,30mm/h,30,4,1,~0.5m,1,1,0,0,0,0,0.0,53,주의,1,1
G0266,37.516745,127.094646,30mm/h,30,4,1,~0.5m,1,1,0,0,0,0,160.8,52,주의,1,1
G0267,37.521252,127.094622,30mm/h,30,4,0,none,0,0,0,0,0,0,466.7,7,낮음,0,0
G0268,37.525758,127.094597,30mm/h,30,4,0,none,0,0,0,0,0,0,623.6,6,낮음,0,0
G0269,37.530265,127.094573,30mm/h,30,4,0,none,0,0,0,0,0,0,401.2,8,낮음,0,0
G0270,37.534413,127.09455,30mm/h,30,4,2,0.5~1.0m,1,1,0,0,0,0,24.2,56,주의,1,1
G0271,37.458177,127.100616,30mm/h,30,4,0,none,0,0,0,0,0,0,694.0,6,낮음,0,0
G0272,37.462683,127.100592,30mm/h,30,4,0,none,0,0,0,0,0,0,423.2,8,낮음,0,0
G0273,37.46719,127.100568,30mm/h,30,4,1,~0.5m,1,1,1,0,1,3,84.6,90,높음,1,1
G0274,37.471697,127.100544,30mm/h,30,4,0,none,0,0,1,0,1,4,211.3,46,주의,1,1
G0275,37.476204,127.10052,30mm/h,30,4,0,none,0,0,1,0,1,2,219.7,46,주의,1,1
G0276,37.48071,127.100496,30mm/h,30,4,0,none,0,0,1,0,1,1,73.4,47,주의,1,1
G0277,37.485217,127.100472,30mm/h,30,4,1,~0.5m,1,1,0,0,0,0,140.4,52,주의,1,1
G0278,37.489724,127.100448,30mm/h,30,4,1,~0.5m,1,1,0,0,0,0,66.3,53,주의,1,1
G0279,37.494231,127.100424,30mm/h,30,4,1,~0.5m,1,1,0,0,0,0,289.8,51,주의,1,1
G0280,37.498737,127.1004,30mm/h,30,4,0,none,0,0,0,0,0,0,285.5,9,낮음,0,0
G0281,37.503244,127.100376,30mm/h,30,4,1,~0.5m,1,1,0,0,0,0,112.7,53,주의,1,1
G0282,37.507751,127.100352,30mm/h,30,4,1,~0.5m,1,1,0,0,0,0,124.9,53,주의,1,1
G0283,37.512258,127.100328,30mm/h,30,4,1,~0.5m,1,1,0,0,0,0,0.0,53,주의,1,1
G0284,37.516764,127.100304,30mm/h,30,4,1,~0.5m,1,1,0,0,0,0,217.1,52,주의,1,1
G0285,37.521271,127.10028,30mm/h,30,4,1,~0.5m,1,1,0,0,0,0,99.3,53,주의,1,1
G0286,37.525778,127.100256,30mm/h,30,4,0,none,0,0,0,0,0,0,435.4,7,낮음,0,0
G0287,37.530284,127.100232,30mm/h,30,4,0,none,0,0,0,0,0,0,569.4,7,낮음,0,0
G0288,37.534433,127.10021,30mm/h,30,4,3,1.0~1.5m,1,1,0,0,0,0,250.5,58,주의,1,1
G0289,37.458196,127.106269,30mm/h,30,4,0,none,0,0,0,0,0,0,505.1,7,낮음,0,0
G0290,37.462702,127.106246,30mm/h,30,4,0,none,0,0,1,0,1,12,8.5,47,주의,1,1
G0291,37.467209,127.106222,30mm/h,30,4,0,none,0,0,1,0,1,2,301.5,45,주의,1,1
G0292,37.471716,127.106198,30mm/h,30,4,1,~0.5m,1,1,1,0,1,19,0.0,90,높음,1,1
G0293,37.476223,127.106175,30mm/h,30,4,1,~0.5m,1,1,0,0,0,0,5.2,53,주의,1,1
G0294,37.480729,127.106151,30mm/h,30,4,1,~0.5m,1,1,0,0,0,0,78.2,53,주의,1,1
G0295,37.485236,127.106127,30mm/h,30,4,1,~0.5m,1,1,0,0,0,0,196.9,52,주의,1,1
G0296,37.489743,127.106104,30mm/h,30,4,2,0.5~1.0m,1,1,0,0,0,0,58.3,56,주의,1,1
G0297,37.49425,127.10608,30mm/h,30,4,3,1.0~1.5m,1,1,0,0,0,0,0.0,59,주의,1,1
G0298,37.498756,127.106056,30mm/h,30,4,0,none,0,0,0,0,0,0,337.3,8,낮음,0,0
G0299,37.503263,127.106033,30mm/h,30,4,1,~0.5m,1,1,0,0,0,0,17.7,53,주의,1,1
G0300,37.50777,127.106009,30mm/h,30,4,1,~0.5m,1,1,0,0,0,0,24.5,53,주의,1,1
G0301,37.512277,127.105985,30mm/h,30,4,1,~0.5m,1,1,0,0,0,0,158.8,52,주의,1,1
G0302,37.516783,127.105962,30mm/h,30,4,1,~0.5m,1,1,0,0,0,0,141.7,52,주의,1,1
G0303,37.52129,127.105938,30mm/h,30,4,1,~0.5m,1,1,0,0,0,0,73.2,53,주의,1,1
G0304,37.525797,127.105914,30mm/h,30,4,0,none,0,0,0,0,0,0,426.2,8,낮음,0,0
G0305,37.530303,127.105891,30mm/h,30,4,0,none,0,0,0,0,0,0,445.3,7,낮음,0,0
G0306,37.534452,127.105869,30mm/h,30,4,0,none,0,0,0,0,0,0,525.4,7,낮음,0,0
G0307,37.458214,127.111923,30mm/h,30,4,0,none,0,0,0,0,0,0,420.6,8,낮음,0,0
G0308,37.462721,127.111899,30mm/h,30,4,0,none,0,0,1,0,1,10,69.0,47,주의,1,1
G0309,37.467228,127.111876,30mm/h,30,4,0,none,0,0,1,0,1,6,139.6,46,주의,1,1
G0310,37.471735,127.111853,30mm/h,30,4,0,none,0,0,0,0,0,0,284.0,9,낮음,0,0
G0311,37.476241,127.11183,30mm/h,30,4,1,~0.5m,1,1,0,0,0,0,131.7,52,주의,1,1
G0312,37.480748,127.111806,30mm/h,30,4,2,0.5~1.0m,1,1,0,0,0,0,0.0,56,주의,1,1
G0313,37.485255,127.111783,30mm/h,30,4,1,~0.5m,1,1,0,0,0,0,149.6,52,주의,1,1
G0314,37.489762,127.11176,30mm/h,30,4,1,~0.5m,1,1,0,0,0,0,26.7,53,주의,1,1
G0315,37.494268,127.111736,30mm/h,30,4,1,~0.5m,1,1,0,0,0,0,0.0,53,주의,1,1
G0316,37.498775,127.111713,30mm/h,30,4,1,~0.5m,1,1,0,0,0,0,36.9,53,주의,1,1
G0317,37.503282,127.11169,30mm/h,30,4,3,1.0~1.5m,1,1,0,0,0,0,150.4,58,주의,1,1
G0318,37.507789,127.111666,30mm/h,30,4,1,~0.5m,1,1,0,0,0,0,77.5,53,주의,1,1
G0319,37.512295,127.111643,30mm/h,30,4,1,~0.5m,1,1,0,0,0,0,7.5,53,주의,1,1
G0320,37.516802,127.11162,30mm/h,30,4,0,none,0,0,0,0,0,0,397.1,8,낮음,0,0
G0321,37.521309,127.111596,30mm/h,30,4,0,none,0,0,0,0,0,0,565.6,7,낮음,0,0
G0322,37.525815,127.111573,30mm/h,30,4,0,none,0,0,0,0,0,0,484.5,7,낮음,0,0
G0323,37.530322,127.111549,30mm/h,30,4,1,~0.5m,1,1,0,0,0,0,13.9,53,주의,1,1
G0324,37.53447,127.111528,30mm/h,30,4,1,~0.5m,1,1,0,0,0,0,106.8,53,주의,1,1
G0325,37.458233,127.117576,30mm/h,30,4,0,none,0,0,0,0,0,0,511.8,7,낮음,0,0
G0326,37.46274,127.117553,30mm/h,30,4,0,none,0,0,1,0,1,4,192.4,46,주의,1,1
G0327,37.467246,127.11753,30mm/h,30,4,2,0.5~1.0m,1,1,1,0,1,20,0.0,93,높음,1,1
G0328,37.471753,127.117507,30mm/h,30,4,1,~0.5m,1,1,0,0,0,0,9.8,53,주의,1,1
G0329,37.47626,127.117484,30mm/h,30,4,0,none,0,0,0,0,0,0,442.1,7,낮음,0,0
G0330,37.480767,127.117461,30mm/h,30,4,0,none,0,0,0,0,0,0,417.7,8,낮음,0,0
G0331,37.485273,127.117438,30mm/h,30,4,1,~0.5m,1,1,0,0,0,0,198.8,52,주의,1,1
G0332,37.48978,127.117415,30mm/h,30,4,1,~0.5m,1,1,0,0,0,0,0.0,53,주의,1,1
G0333,37.494287,127.117392,30mm/h,30,4,1,~0.5m,1,1,0,0,0,0,15.8,53,주의,1,1
G0334,37.498794,127.11737,30mm/h,30,4,1,~0.5m,1,1,0,0,0,0,82.2,53,주의,1,1
G0335,37.5033,127.117347,30mm/h,30,4,1,~0.5m,1,1,0,0,0,0,154.8,52,주의,1,1
G0336,37.507807,127.117323,30mm/h,30,4,0,none,0,0,0,0,0,0,423.5,8,낮음,0,0
G0337,37.512314,127.1173,30mm/h,30,4,0,none,0,0,0,0,0,0,471.5,7,낮음,0,0
G0338,37.51682,127.117277,30mm/h,30,4,0,none,0,0,0,0,0,0,563.0,7,낮음,0,0
G0339,37.521327,127.117254,30mm/h,30,4,0,none,0,0,0,0,0,0,865.2,4,낮음,0,0
G0340,37.525834,127.117231,30mm/h,30,4,0,none,0,0,0,0,0,0,452.1,7,낮음,0,0
G0341,37.530341,127.117208,30mm/h,30,4,1,~0.5m,1,1,0,0,0,0,0.0,53,주의,1,1
G0342,37.534489,127.117187,30mm/h,30,4,2,0.5~1.0m,1,1,0,0,0,0,201.0,55,주의,1,1
G0343,37.458248,127.122396,30mm/h,30,4,0,none,0,0,0,0,0,0,822.6,5,낮음,0,0
G0344,37.462755,127.122374,30mm/h,30,4,0,none,0,0,0,0,0,0,597.0,6,낮음,0,0
G0345,37.467262,127.122351,30mm/h,30,4,0,none,0,0,0,0,0,0,238.7,9,낮음,0,0
G0346,37.471769,127.122328,30mm/h,30,4,0,none,0,0,0,0,0,0,279.8,9,낮음,0,0
G0347,37.476275,127.122306,30mm/h,30,4,0,none,0,0,0,0,0,0,331.5,8,낮음,0,0
G0348,37.480782,127.122283,30mm/h,30,4,0,none,0,0,0,0,0,0,276.4,9,낮음,0,0
G0349,37.485289,127.12226,30mm/h,30,4,2,0.5~1.0m,1,1,0,0,0,0,0.0,56,주의,1,1
G0350,37.489796,127.122238,30mm/h,30,4,1,~0.5m,1,1,0,0,0,0,46.6,53,주의,1,1
G0351,37.494302,127.122215,30mm/h,30,4,0,none,0,0,0,0,0,0,241.8,9,낮음,0,0
G0352,37.498809,127.122192,30mm/h,30,4,0,none,0,0,0,0,0,0,508.4,7,낮음,0,0
G0353,37.503316,127.122169,30mm/h,30,4,1,~0.5m,1,1,0,0,0,0,285.4,51,주의,1,1
G0354,37.507823,127.122147,30mm/h,30,4,1,~0.5m,1,1,0,0,0,0,257.2,52,주의,1,1
G0355,37.512329,127.122124,30mm/h,30,4,1,~0.5m,1,1,0,0,0,0,294.6,51,주의,1,1
G0356,37.516836,127.122101,30mm/h,30,4,1,~0.5m,1,1,0,0,0,0,209.4,52,주의,1,1
G0357,37.521343,127.122079,30mm/h,30,4,0,none,0,0,0,0,0,0,506.7,7,낮음,0,0
G0358,37.525849,127.122056,30mm/h,30,4,0,none,0,0,0,0,0,0,411.4,8,낮음,0,0
G0359,37.530356,127.122033,30mm/h,30,4,0,none,0,0,0,0,0,0,295.3,8,낮음,0,0
G0360,37.534504,127.122012,30mm/h,30,4,1,~0.5m,1,1,0,0,0,0,76.4,53,주의,1,1
G0001,37.45786,127.015815,50mm/h,50,6,0,none,0,0,0,0,0,0,899.4,5,낮음,0,0
G0002,37.462366,127.015786,50mm/h,50,6,0,none,0,0,0,0,0,0,721.4,7,낮음,0,0
G0003,37.466873,127.015757,50mm/h,50,6,0,none,0,0,0,0,0,0,710.2,7,낮음,0,0
G0004,37.47138,127.015728,50mm/h,50,6,0,none,0,0,0,0,0,0,974.9,5,낮음,0,0
G0005,37.475886,127.015698,50mm/h,50,6,0,none,0,0,0,0,0,0,1098.6,3,낮음,0,0
G0006,37.480393,127.015669,50mm/h,50,6,0,none,0,0,0,0,0,0,965.1,5,낮음,0,0
G0007,37.4849,127.01564,50mm/h,50,6,0,none,0,0,0,0,0,0,953.5,5,낮음,0,0
G0008,37.489407,127.015611,50mm/h,50,6,0,none,0,0,0,0,0,0,479.3,9,낮음,0,0
G0009,37.493913,127.015582,50mm/h,50,6,1,~0.5m,1,1,0,0,0,0,158.9,65,주의,1,1
G0010,37.49842,127.015553,50mm/h,50,6,1,~0.5m,1,1,0,0,0,0,317.1,63,주의,1,1
G0011,37.502927,127.015524,50mm/h,50,6,2,0.5~1.0m,1,1,0,0,0,0,39.6,69,주의,1,1
G0012,37.507433,127.015495,50mm/h,50,6,1,~0.5m,1,1,0,0,0,0,113.2,65,주의,1,1
G0013,37.51194,127.015466,50mm/h,50,6,1,~0.5m,1,1,0,0,0,0,69.8,65,주의,1,1
G0014,37.516447,127.015436,50mm/h,50,6,1,~0.5m,1,1,0,0,0,0,143.3,65,주의,1,1
G0015,37.520953,127.015407,50mm/h,50,6,1,~0.5m,1,1,0,0,0,0,274.3,64,주의,1,1
G0016,37.52546,127.015378,50mm/h,50,6,0,none,0,0,0,0,0,0,425.2,9,낮음,0,0
G0017,37.529967,127.015349,50mm/h,50,6,0,none,0,0,0,0,0,0,623.2,8,낮음,0,0
G0018,37.534115,127.015322,50mm/h,50,6,0,none,0,0,0,0,0,0,565.5,8,낮음,0,0
G0019,37.457883,127.021468,50mm/h,50,6,0,none,0,0,0,0,0,0,502.2,9,낮음,0,0
G0020,37.462389,127.021439,50mm/h,50,6,1,~0.5m,1,1,0,0,0,0,285.4,64,주의,1,1
G0021,37.466896,127.021411,50mm/h,50,6,1,~0.5m,1,1,0,0,0,0,270.2,64,주의,1,1
G0022,37.471403,127.021382,50mm/h,50,6,0,none,0,0,0,0,0,0,670.6,7,낮음,0,0
G0023,37.47591,127.021353,50mm/h,50,6,0,none,0,0,0,0,0,0,598.7,8,낮음,0,0
G0024,37.480416,127.021324,50mm/h,50,6,0,none,0,0,0,0,0,0,762.3,6,낮음,0,0
G0025,37.484923,127.021296,50mm/h,50,6,0,none,0,0,0,0,0,0,953.2,5,낮음,0,0
G0026,37.48943,127.021267,50mm/h,50,6,0,none,0,0,0,0,0,0,479.4,9,낮음,0,0
G0027,37.493936,127.021238,50mm/h,50,6,2,0.5~1.0m,1,1,0,0,0,0,69.2,69,주의,1,1
G0028,37.498443,127.021209,50mm/h,50,6,1,~0.5m,1,1,0,0,0,0,0.0,66,주의,1,1
G0029,37.50295,127.021181,50mm/h,50,6,2,0.5~1.0m,1,1,0,0,0,0,0.0,70,주의,1,1
G0030,37.507456,127.021152,50mm/h,50,6,1,~0.5m,1,1,1,0,1,16,145.4,100,높음,1,1
G0031,37.511963,127.021123,50mm/h,50,6,0,none,0,0,1,0,1,1,283.1,56,주의,1,1
G0032,37.51647,127.021094,50mm/h,50,6,0,none,0,0,1,0,1,1,115.1,58,주의,1,1
G0033,37.520976,127.021065,50mm/h,50,6,1,~0.5m,1,1,0,0,0,0,60.4,66,주의,1,1
G0034,37.525483,127.021037,50mm/h,50,6,1,~0.5m,1,1,1,0,1,1,125.8,100,높음,1,1
G0035,37.52999,127.021008,50mm/h,50,6,1,~0.5m,1,1,0,0,0,0,208.4,64,주의,1,1
G0036,37.534138,127.020981,50mm/h,50,6,0,none,0,0,0,0,0,0,496.2,9,낮음,0,0
G0037,37.457905,127.027121,50mm/h,50,6,0,none,0,0,0,0,0,0,353.9,10,낮음,0,0
G0038,37.462412,127.027093,50mm/h,50,6,3,1.0~1.5m,1,1,0,0,0,0,0.0,73,주의,1,1
G0039,37.466919,127.027065,50mm/h,50,6,3,1.0~1.5m,1,1,0,0,0,0,32.9,73,주의,1,1
G0040,37.471426,127.027036,50mm/h,50,6,0,none,0,0,0,0,0,0,413.1,9,낮음,0,0
G0041,37.475932,127.027008,50mm/h,50,6,1,~0.5m,1,1,0,0,0,0,99.7,65,주의,1,1
G0042,37.480439,127.026979,50mm/h,50,6,0,none,0,0,0,0,0,0,465.1,9,낮음,0,0
G0043,37.484946,127.026951,50mm/h,50,6,0,none,0,0,0,0,0,0,656.7,7,낮음,0,0
G0044,37.489452,127.026923,50mm/h,50,6,1,~0.5m,1,1,0,0,0,0,267.0,64,주의,1,1
G0045,37.493959,127.026894,50mm/h,50,6,5,2.0~3.0m,1,1,1,0,1,2,0.0,100,높음,1,1
G0046,37.498466,127.026866,50mm/h,50,6,1,~0.5m,1,1,1,0,1,3,40.5,100,높음,1,1
G0047,37.502972,127.026837,50mm/h,50,6,1,~0.5m,1,1,1,0,1,4,105.7,100,높음,1,1
G0048,37.507479,127.026809,50mm/h,50,6,5,2.0~3.0m,1,1,1,0,1,113,0.0,100,높음,1,1
G0049,37.511986,127.02678,50mm/h,50,6,0,none,0,0,1,1,1,76,13.8,58,주의,1,1
G0050,37.516492,127.026752,50mm/h,50,6,0,none,0,0,0,0,0,0,315.9,10,낮음,0,0
G0051,37.520999,127.026724,50mm/h,50,6,5,2.0~3.0m,1,1,1,0,1,10,1.1,100,높음,1,1
G0052,37.525506,127.026695,50mm/h,50,6,2,0.5~1.0m,1,1,1,0,1,1,74.1,100,높음,1,1
G0053,37.530012,127.026667,50mm/h,50,6,1,~0.5m,1,1,0,0,0,0,222.5,64,주의,1,1
G0054,37.534161,127.02664,50mm/h,50,6,0,none,0,0,0,0,0,0,416.0,9,낮음,0,0
G0055,37.457928,127.032775,50mm/h,50,6,0,none,0,0,0,0,0,0,565.8,8,낮음,0,0
G0056,37.462435,127.032747,50mm/h,50,6,0,none,0,0,0,0,0,0,342.9,10,낮음,0,0
G0057,37.466941,127.032719,50mm/h,50,6,3,1.0~1.5m,1,1,0,0,0,0,135.9,72,주의,1,1
G0058,37.471448,127.032691,50mm/h,50,6,2,0.5~1.0m,1,1,0,0,0,0,59.9,69,주의,1,1
G0059,37.475955,127.032663,50mm/h,50,6,3,1.0~1.5m,1,1,0,0,0,0,125.6,72,주의,1,1
G0060,37.480461,127.032635,50mm/h,50,6,0,none,0,0,0,0,0,0,497.3,9,낮음,0,0
G0061,37.484968,127.032606,50mm/h,50,6,0,none,0,0,1,0,1,1,317.6,56,주의,1,1
G0062,37.489475,127.032578,50mm/h,50,6,0,none,0,0,1,0,1,5,64.7,58,주의,1,1
G0063,37.493982,127.03255,50mm/h,50,6,5,2.0~3.0m,1,1,1,0,1,56,0.0,100,높음,1,1
G0064,37.498488,127.032522,50mm/h,50,6,1,~0.5m,1,1,1,0,1,8,95.1,100,높음,1,1
G0065,37.502995,127.032494,50mm/h,50,6,0,none,0,0,1,0,1,9,37.3,58,주의,1,1
G0066,37.507502,127.032466,50mm/h,50,6,0,none,0,0,1,0,1,14,59.7,58,주의,1,1
G0067,37.512008,127.032438,50mm/h,50,6,0,none,0,0,1,0,1,14,62.6,58,주의,1,1
G0068,37.516515,127.03241,50mm/h,50,6,0,none,0,0,1,0,1,1,279.8,56,주의,1,1
G0069,37.521022,127.032382,50mm/h,50,6,1,~0.5m,1,1,1,0,1,1,206.3,100,높음,1,1
G0070,37.525528,127.032354,50mm/h,50,6,2,0.5~1.0m,1,1,1,0,1,3,77.8,100,높음,1,1
G0071,37.530035,127.032325,50mm/h,50,6,2,0.5~1.0m,1,1,0,0,0,0,0.0,70,주의,1,1
G0072,37.534183,127.0323,50mm/h,50,6,1,~0.5m,1,1,0,0,0,0,151.7,65,주의,1,1
G0073,37.45795,127.038428,50mm/h,50,6,0,none,0,0,0,0,0,0,425.0,9,낮음,0,0
G0074,37.462457,127.038401,50mm/h,50,6,1,~0.5m,1,1,0,0,0,0,0.0,66,주의,1,1
G0075,37.466964,127.038373,50mm/h,50,6,1,~0.5m,1,1,0,0,0,0,125.0,65,주의,1,1
G0076,37.47147,127.038345,50mm/h,50,6,2,0.5~1.0m,1,1,0,0,0,0,0.0,70,주의,1,1
G0077,37.475977,127.038317,50mm/h,50,6,2,0.5~1.0m,1,1,0,0,0,0,241.9,68,주의,1,1
G0078,37.480484,127.03829,50mm/h,50,6,2,0.5~1.0m,1,1,0,0,0,0,66.6,69,주의,1,1
G0079,37.48499,127.038262,50mm/h,50,6,1,~0.5m,1,1,1,0,1,10,0.0,100,높음,1,1
G0080,37.489497,127.038234,50mm/h,50,6,1,~0.5m,1,1,1,0,1,2,93.7,100,높음,1,1
G0081,37.494004,127.038206,50mm/h,50,6,1,~0.5m,1,1,1,0,1,14,0.0,100,높음,1,1
G0082,37.498511,127.038179,50mm/h,50,6,0,none,0,0,1,0,1,3,192.4,57,주의,1,1
G0083,37.503017,127.038151,50mm/h,50,6,0,none,0,0,1,0,1,2,193.3,57,주의,1,1
G0084,37.507524,127.038123,50mm/h,50,6,0,none,0,0,1,0,1,3,226.5,57,주의,1,1
G0085,37.512031,127.038095,50mm/h,50,6,0,none,0,0,1,0,1,5,152.4,57,주의,1,1
G0086,37.516537,127.038068,50mm/h,50,6,1,~0.5m,1,1,1,0,1,2,33.3,100,높음,1,1
G0087,37.521044,127.03804,50mm/h,50,6,2,0.5~1.0m,1,1,1,0,1,3,66.5,100,높음,1,1
G0088,37.525551,127.038012,50mm/h,50,6,2,0.5~1.0m,1,1,1,0,1,1,0.0,100,높음,1,1
G0089,37.530057,127.037984,50mm/h,50,6,3,1.0~1.5m,1,1,0,0,0,0,3.0,73,주의,1,1
G0090,37.534205,127.037959,50mm/h,50,6,0,none,0,0,0,0,0,0,310.7,10,낮음,0,0
G0091,37.457972,127.044082,50mm/h,50,6,5,2.0~3.0m,1,1,0,0,0,0,190.9,79,높음,1,1
G0092,37.462479,127.044054,50mm/h,50,6,1,~0.5m,1,1,0,0,0,0,242.8,64,주의,1,1
G0093,37.466986,127.044027,50mm/h,50,6,4,1.5~2.0m,1,1,0,0,0,0,131.0,76,높음,1,1
G0094,37.471492,127.043999,50mm/h,50,6,1,~0.5m,1,1,0,0,0,0,229.1,64,주의,1,1
G0095,37.475999,127.043972,50mm/h,50,6,3,1.0~1.5m,1,1,1,0,1,5,0.0,100,높음,1,1
G0096,37.480506,127.043945,50mm/h,50,6,3,1.0~1.5m,1,1,1,0,1,6,43.6,100,높음,1,1
G0097,37.485012,127.043917,50mm/h,50,6,1,~0.5m,1,1,1,0,1,5,88.9,100,높음,1,1
G0098,37.489519,127.04389,50mm/h,50,6,1,~0.5m,1,1,0,0,0,0,333.7,63,주의,1,1
G0099,37.494026,127.043863,50mm/h,50,6,1,~0.5m,1,1,1,0,1,7,125.9,100,높음,1,1
G0100,37.498532,127.043835,50mm/h,50,6,0,none,0,0,1,0,1,1,248.9,56,주의,1,1
G0101,37.503039,127.043808,50mm/h,50,6,0,none,0,0,0,0,0,0,286.9,11,낮음,0,0
G0102,37.507546,127.04378,50mm/h,50,6,0,none,0,0,1,0,1,3,102.2,58,주의,1,1
G0103,37.512053,127.043753,50mm/h,50,6,0,none,0,0,1,0,1,2,197.4,57,주의,1,1
G0104,37.516559,127.043725,50mm/h,50,6,1,~0.5m,1,1,0,0,0,0,0.0,66,주의,1,1
G0105,37.521066,127.043698,50mm/h,50,6,1,~0.5m,1,1,1,0,1,10,111.2,100,높음,1,1
G0106,37.525573,127.043671,50mm/h,50,6,0,none,0,0,1,0,1,1,289.4,56,주의,1,1
G0107,37.530079,127.043643,50mm/h,50,6,1,~0.5m,1,1,0,0,0,0,6.2,66,주의,1,1
G0108,37.534227,127.043618,50mm/h,50,6,0,none,0,0,0,0,0,0,416.3,9,낮음,0,0
G0109,37.457994,127.049735,50mm/h,50,6,1,~0.5m,1,1,0,0,0,0,164.4,65,주의,1,1
G0110,37.462501,127.049708,50mm/h,50,6,0,none,0,0,0,0,0,0,402.6,10,낮음,0,0
G0111,37.467007,127.049681,50mm/h,50,6,0,none,0,0,0,0,0,0,538.2,8,낮음,0,0
G0112,37.471514,127.049654,50mm/h,50,6,1,~0.5m,1,1,1,0,1,3,203.3,100,높음,1,1
G0113,37.476021,127.049627,50mm/h,50,6,1,~0.5m,1,1,1,0,1,61,0.0,100,높음,1,1
G0114,37.480527,127.0496,50mm/h,50,6,1,~0.5m,1,1,1,0,1,23,121.5,100,높음,1,1
G0115,37.485034,127.049573,50mm/h,50,6,2,0.5~1.0m,1,1,0,0,0,0,0.0,70,주의,1,1
G0116,37.489541,127.049546,50mm/h,50,6,1,~0.5m,1,1,0,0,0,0,96.6,65,주의,1,1
G0117,37.494047,127.049519,50mm/h,50,6,1,~0.5m,1,1,0,0,0,0,222.4,64,주의,1,1
G0118,37.498554,127.049492,50mm/h,50,6,1,~0.5m,1,1,1,0,1,4,165.8,100,높음,1,1
G0119,37.503061,127.049464,50mm/h,50,6,1,~0.5m,1,1,1,0,1,3,63.7,100,높음,1,1
G0120,37.507568,127.049437,50mm/h,50,6,2,0.5~1.0m,1,1,1,0,1,11,59.9,100,높음,1,1
G0121,37.512074,127.04941,50mm/h,50,6,0,none,0,0,1,0,1,6,97.4,58,주의,1,1
G0122,37.516581,127.049383,50mm/h,50,6,1,~0.5m,1,1,0,0,0,0,132.7,65,주의,1,1
G0123,37.521088,127.049356,50mm/h,50,6,2,0.5~1.0m,1,1,1,1,1,12,89.8,100,높음,1,1
G0124,37.525594,127.049329,50mm/h,50,6,3,1.0~1.5m,1,1,1,0,1,2,0.0,100,높음,1,1
G0125,37.530101,127.049302,50mm/h,50,6,3,1.0~1.5m,1,1,0,0,0,0,167.7,72,주의,1,1
G0126,37.534249,127.049277,50mm/h,50,6,1,~0.5m,1,1,0,0,0,0,246.6,64,주의,1,1
G0127,37.458015,127.055388,50mm/h,50,6,0,none,0,0,0,0,0,0,597.2,8,낮음,0,0
G0128,37.462522,127.055362,50mm/h,50,6,0,none,0,0,0,0,0,0,745.7,7,낮음,0,0
G0129,37.467029,127.055335,50mm/h,50,6,0,none,0,0,0,0,0,0,754.0,6,낮음,0,0
G0130,37.471535,127.055308,50mm/h,50,6,0,none,0,0,1,0,1,1,271.7,56,주의,1,1
G0131,37.476042,127.055282,50mm/h,50,6,3,1.0~1.5m,1,1,1,0,1,5,111.8,100,높음,1,1
G0132,37.480549,127.055255,50mm/h,50,6,3,1.0~1.5m,1,1,0,0,0,0,54.2,73,주의,1,1
G0133,37.485056,127.055228,50mm/h,50,6,2,0.5~1.0m,1,1,1,0,1,1,72.4,100,높음,1,1
G0134,37.489562,127.055201,50mm/h,50,6,1,~0.5m,1,1,1,0,1,2,29.9,100,높음,1,1
G0135,37.494069,127.055175,50mm/h,50,6,1,~0.5m,1,1,1,0,1,1,144.8,100,높음,1,1
G0136,37.498576,127.055148,50mm/h,50,6,3,1.0~1.5m,1,1,1,1,1,21,0.0,100,높음,1,1
G0137,37.503082,127.055121,50mm/h,50,6,0,none,0,0,1,0,1,3,42.2,58,주의,1,1
G0138,37.507589,127.055095,50mm/h,50,6,2,0.5~1.0m,1,1,1,0,1,9,0.0,100,높음,1,1
G0139,37.512096,127.055068,50mm/h,50,6,0,none,0,0,1,0,1,3,15.1,58,주의,1,1
G0140,37.516602,127.055041,50mm/h,50,6,0,none,0,0,1,0,1,1,229.0,57,주의,1,1
G0141,37.521109,127.055014,50mm/h,50,6,1,~0.5m,1,1,1,0,1,1,108.5,100,높음,1,1
G0142,37.525616,127.054988,50mm/h,50,6,3,1.0~1.5m,1,1,1,0,1,1,0.0,100,높음,1,1
G0143,37.530122,127.054961,50mm/h,50,6,1,~0.5m,1,1,0,0,0,0,326.9,63,주의,1,1
G0144,37.534271,127.054936,50mm/h,50,6,2,0.5~1.0m,1,1,0,0,0,0,93.6,69,주의,1,1
G0145,37.458036,127.061042,50mm/h,50,6,0,none,0,0,0,0,0,0,812.0,6,낮음,0,0
G0146,37.462543,127.061015,50mm/h,50,6,0,none,0,0,0,0,0,0,1203.2,3,낮음,0,0
G0147,37.46705,127.060989,50mm/h,50,6,0,none,0,0,0,0,0,0,967.7,5,낮음,0,0
G0148,37.471557,127.060963,50mm/h,50,6,0,none,0,0,0,0,0,0,600.0,8,낮음,0,0
G0149,37.476063,127.060936,50mm/h,50,6,0,none,0,0,1,0,1,6,229.7,57,주의,1,1
G0150,37.48057,127.06091,50mm/h,50,6,1,~0.5m,1,1,0,0,0,0,25.4,66,주의,1,1
G0151,37.485077,127.060884,50mm/h,50,6,2,0.5~1.0m,1,1,1,0,1,6,0.0,100,높음,1,1
G0152,37.489583,127.060857,50mm/h,50,6,2,0.5~1.0m,1,1,1,0,1,1,98.2,100,높음,1,1
G0153,37.49409,127.060831,50mm/h,50,6,1,~0.5m,1,1,1,0,1,1,0.0,100,높음,1,1
G0154,37.498597,127.060805,50mm/h,50,6,1,~0.5m,1,1,1,0,1,4,151.8,100,높음,1,1
G0155,37.503103,127.060778,50mm/h,50,6,0,none,0,0,1,0,1,1,70.0,58,주의,1,1
G0156,37.50761,127.060752,50mm/h,50,6,1,~0.5m,1,1,0,0,0,0,18.3,66,주의,1,1
G0157,37.512117,127.060725,50mm/h,50,6,3,1.0~1.5m,1,1,0,0,0,0,0.0,73,주의,1,1
G0158,37.516624,127.060699,50mm/h,50,6,1,~0.5m,1,1,1,0,1,4,82.2,100,높음,1,1
G0159,37.52113,127.060672,50mm/h,50,6,0,none,0,0,0,0,0,0,311.2,10,낮음,0,0
G0160,37.525637,127.060646,50mm/h,50,6,0,none,0,0,0,0,0,0,335.2,10,낮음,0,0
G0161,37.530144,127.06062,50mm/h,50,6,0,none,0,0,0,0,0,0,531.5,8,낮음,0,0
G0162,37.534292,127.060595,50mm/h,50,6,1,~0.5m,1,1,0,0,0,0,216.5,64,주의,1,1
G0163,37.458057,127.066695,50mm/h,50,6,0,none,0,0,0,0,0,0,1182.9,3,낮음,0,0
G0164,37.462564,127.066669,50mm/h,50,6,0,none,0,0,0,0,0,0,1386.9,1,낮음,0,0
G0165,37.467071,127.066643,50mm/h,50,6,0,none,0,0,0,0,0,0,887.0,5,낮음,0,0
G0166,37.471577,127.066617,50mm/h,50,6,0,none,0,0,0,0,0,0,387.4,10,낮음,0,0
G0167,37.476084,127.066591,50mm/h,50,6,0,none,0,0,1,0,1,13,82.6,58,주의,1,1
G0168,37.480591,127.066565,50mm/h,50,6,0,none,0,0,1,0,1,3,284.7,56,주의,1,1
G0169,37.485098,127.066539,50mm/h,50,6,2,0.5~1.0m,1,1,0,0,0,0,122.8,69,주의,1,1
G0170,37.489604,127.066513,50mm/h,50,6,3,1.0~1.5m,1,1,0,0,0,0,13.1,73,주의,1,1
G0171,37.494111,127.066487,50mm/h,50,6,1,~0.5m,1,1,0,0,0,0,0.0,66,주의,1,1
G0172,37.498618,127.066461,50mm/h,50,6,0,none,0,0,0,0,0,0,287.2,11,낮음,0,0
G0173,37.503124,127.066435,50mm/h,50,6,0,none,0,0,0,0,0,0,412.0,9,낮음,0,0
G0174,37.507631,127.066409,50mm/h,50,6,1,~0.5m,1,1,0,0,0,0,209.9,64,주의,1,1
G0175,37.512138,127.066383,50mm/h,50,6,2,0.5~1.0m,1,1,0,0,0,0,4.7,70,주의,1,1
G0176,37.516644,127.066357,50mm/h,50,6,1,~0.5m,1,1,1,0,1,1,62.1,100,높음,1,1
G0177,37.521151,127.066331,50mm/h,50,6,0,none,0,0,0,0,0,0,427.5,9,낮음,0,0
G0178,37.525658,127.066305,50mm/h,50,6,0,none,0,0,0,0,0,0,661.4,7,낮음,0,0
G0179,37.530165,127.066278,50mm/h,50,6,1,~0.5m,1,1,0,0,0,0,262.3,64,주의,1,1
G0180,37.534313,127.066254,50mm/h,50,6,2,0.5~1.0m,1,1,0,0,0,0,44.3,69,주의,1,1
G0181,37.458078,127.072349,50mm/h,50,6,0,none,0,0,0,0,0,0,1564.7,0,낮음,0,0
G0182,37.462585,127.072323,50mm/h,50,6,0,none,0,0,0,0,0,0,1422.2,1,낮음,0,0
G0183,37.467091,127.072297,50mm/h,50,6,0,none,0,0,0,0,0,0,939.8,5,낮음,0,0
G0184,37.471598,127.072272,50mm/h,50,6,0,none,0,0,0,0,0,0,493.9,9,낮음,0,0
G0185,37.476105,127.072246,50mm/h,50,6,0,none,0,0,0,0,0,0,323.5,10,낮음,0,0
G0186,37.480611,127.07222,50mm/h,50,6,0,none,0,0,1,0,1,2,194.2,57,주의,1,1
G0187,37.485118,127.072195,50mm/h,50,6,1,~0.5m,1,1,0,0,0,0,157.1,65,주의,1,1
G0188,37.489625,127.072169,50mm/h,50,6,1,~0.5m,1,1,0,0,0,0,239.2,64,주의,1,1
G0189,37.494132,127.072143,50mm/h,50,6,1,~0.5m,1,1,0,0,0,0,107.1,65,주의,1,1
G0190,37.498638,127.072117,50mm/h,50,6,0,none,0,0,0,0,0,0,369.5,10,낮음,0,0
G0191,37.503145,127.072092,50mm/h,50,6,0,none,0,0,0,0,0,0,721.9,7,낮음,0,0
G0192,37.507652,127.072066,50mm/h,50,6,0,none,0,0,0,0,0,0,549.6,8,낮음,0,0
G0193,37.512158,127.07204,50mm/h,50,6,0,none,0,0,0,0,0,0,456.5,9,낮음,0,0
G0194,37.516665,127.072015,50mm/h,50,6,0,none,0,0,0,0,0,0,560.6,8,낮음,0,0
G0195,37.521172,127.071989,50mm/h,50,6,0,none,0,0,0,0,0,0,753.5,6,낮음,0,0
G0196,37.525678,127.071963,50mm/h,50,6,0,none,0,0,0,0,0,0,540.0,8,낮음,0,0
G0197,37.530185,127.071937,50mm/h,50,6,2,0.5~1.0m,1,1,0,0,0,0,48.8,69,주의,1,1
G0198,37.534333,127.071914,50mm/h,50,6,1,~0.5m,1,1,0,0,0,0,7.3,66,주의,1,1
G0199,37.458098,127.078002,50mm/h,50,6,0,none,0,0,0,0,0,0,1983.3,0,낮음,0,0
G0200,37.462605,127.077977,50mm/h,50,6,0,none,0,0,0,0,0,0,1605.2,0,낮음,0,0
G0201,37.467112,127.077951,50mm/h,50,6,0,none,0,0,0,0,0,0,1198.9,3,낮음,0,0
G0202,37.471618,127.077926,50mm/h,50,6,0,none,0,0,0,0,0,0,893.3,5,낮음,0,0
G0203,37.476125,127.077901,50mm/h,50,6,0,none,0,0,0,0,0,0,750.0,6,낮음,0,0
G0204,37.480632,127.077875,50mm/h,50,6,0,none,0,0,0,0,0,0,332.9,10,낮음,0,0
G0205,37.485139,127.07785,50mm/h,50,6,0,none,0,0,1,0,1,1,154.6,57,주의,1,1
G0206,37.489645,127.077825,50mm/h,50,6,1,~0.5m,1,1,0,0,0,0,75.8,65,주의,1,1
G0207,37.494152,127.077799,50mm/h,50,6,2,0.5~1.0m,1,1,0,0,0,0,68.1,69,주의,1,1
G0208,37.498659,127.077774,50mm/h,50,6,2,0.5~1.0m,1,1,0,0,0,0,80.9,69,주의,1,1
G0209,37.503165,127.077749,50mm/h,50,6,0,none,0,0,0,0,0,0,522.6,8,낮음,0,0
G0210,37.507672,127.077723,50mm/h,50,6,1,~0.5m,1,1,0,0,0,0,330.3,63,주의,1,1
G0211,37.512179,127.077698,50mm/h,50,6,1,~0.5m,1,1,0,0,0,0,253.3,64,주의,1,1
G0212,37.516685,127.077672,50mm/h,50,6,0,none,0,0,0,0,0,0,568.2,8,낮음,0,0
G0213,37.521192,127.077647,50mm/h,50,6,0,none,0,0,0,0,0,0,781.6,6,낮음,0,0
G0214,37.525699,127.077622,50mm/h,50,6,0,none,0,0,0,0,0,0,317.3,10,낮음,0,0
G0215,37.530206,127.077596,50mm/h,50,6,6,3.0m~,1,1,0,0,0,0,58.1,84,높음,1,1
G0216,37.534354,127.077573,50mm/h,50,6,1,~0.5m,1,1,0,0,0,0,85.3,65,주의,1,1
G0217,37.458118,127.083656,50mm/h,50,6,0,none,0,0,0,0,0,0,1693.5,0,낮음,0,0
G0218,37.462625,127.083631,50mm/h,50,6,0,none,0,0,0,0,0,0,1434.6,1,낮음,0,0
G0219,37.467132,127.083606,50mm/h,50,6,0,none,0,0,0,0,0,0,1320.1,2,낮음,0,0
G0220,37.471638,127.083581,50mm/h,50,6,0,none,0,0,0,0,0,0,1358.1,1,낮음,0,0
G0221,37.476145,127.083556,50mm/h,50,6,0,none,0,0,0,0,0,0,956.2,5,낮음,0,0
G0222,37.480652,127.083531,50mm/h,50,6,0,none,0,0,0,0,0,0,573.6,8,낮음,0,0
G0223,37.485159,127.083506,50mm/h,50,6,0,none,0,0,0,0,0,0,491.7,9,낮음,0,0
G0224,37.489665,127.08348,50mm/h,50,6,1,~0.5m,1,1,1,0,1,32,28.4,100,높음,1,1
G0225,37.494172,127.083455,50mm/h,50,6,1,~0.5m,1,1,1,0,1,18,30.1,100,높음,1,1
G0226,37.498679,127.08343,50mm/h,50,6,2,0.5~1.0m,1,1,0,0,0,0,0.0,70,주의,1,1
G0227,37.503185,127.083405,50mm/h,50,6,1,~0.5m,1,1,0,0,0,0,97.3,65,주의,1,1
G0228,37.507692,127.08338,50mm/h,50,6,1,~0.5m,1,1,0,0,0,0,25.8,66,주의,1,1
G0229,37.512199,127.083355,50mm/h,50,6,1,~0.5m,1,1,0,0,0,0,56.8,66,주의,1,1
G0230,37.516706,127.08333,50mm/h,50,6,1,~0.5m,1,1,0,0,0,0,78.3,65,주의,1,1
G0231,37.521212,127.083305,50mm/h,50,6,0,none,0,0,0,0,0,0,529.9,8,낮음,0,0
G0232,37.525719,127.08328,50mm/h,50,6,0,none,0,0,0,0,0,0,553.1,8,낮음,0,0
G0233,37.530226,127.083255,50mm/h,50,6,1,~0.5m,1,1,0,0,0,0,105.4,65,주의,1,1
G0234,37.534374,127.083232,50mm/h,50,6,1,~0.5m,1,1,0,0,0,0,105.9,65,주의,1,1
G0235,37.458138,127.089309,50mm/h,50,6,0,none,0,0,0,0,0,0,1340.6,1,낮음,0,0
G0236,37.462645,127.089284,50mm/h,50,6,0,none,0,0,0,0,0,0,993.6,4,낮음,0,0
G0237,37.467151,127.08926,50mm/h,50,6,0,none,0,0,0,0,0,0,822.8,6,낮음,0,0
G0238,37.471658,127.089235,50mm/h,50,6,0,none,0,0,0,0,0,0,884.6,5,낮음,0,0
G0239,37.476165,127.08921,50mm/h,50,6,0,none,0,0,0,0,0,0,862.3,6,낮음,0,0
G0240,37.480672,127.089186,50mm/h,50,6,0,none,0,0,0,0,0,0,804.4,6,낮음,0,0
G0241,37.485178,127.089161,50mm/h,50,6,0,none,0,0,0,0,0,0,570.8,8,낮음,0,0
G0242,37.489685,127.089136,50mm/h,50,6,1,~0.5m,1,1,0,0,0,0,95.8,65,주의,1,1
G0243,37.494192,127.089112,50mm/h,50,6,1,~0.5m,1,1,0,0,0,0,77.1,65,주의,1,1
G0244,37.498699,127.089087,50mm/h,50,6,1,~0.5m,1,1,0,0,0,0,121.2,65,주의,1,1
G0245,37.503205,127.089062,50mm/h,50,6,1,~0.5m,1,1,0,0,0,0,111.9,65,주의,1,1
G0246,37.507712,127.089038,50mm/h,50,6,1,~0.5m,1,1,0,0,0,0,0.0,66,주의,1,1
G0247,37.512219,127.089013,50mm/h,50,6,1,~0.5m,1,1,0,0,0,0,167.1,65,주의,1,1
G0248,37.516725,127.088988,50mm/h,50,6,1,~0.5m,1,1,0,0,0,0,142.1,65,주의,1,1
G0249,37.521232,127.088963,50mm/h,50,6,0,none,0,0,0,0,0,0,516.6,9,낮음,0,0
G0250,37.525739,127.088939,50mm/h,50,6,0,none,0,0,0,0,0,0,378.5,10,낮음,0,0
G0251,37.530245,127.088914,50mm/h,50,6,2,0.5~1.0m,1,1,0,0,0,0,47.3,69,주의,1,1
G0252,37.534394,127.088891,50mm/h,50,6,1,~0.5m,1,1,0,0,0,0,188.0,64,주의,1,1
G0253,37.458157,127.094962,50mm/h,50,6,0,none,0,0,0,0,0,0,1078.4,4,낮음,0,0
G0254,37.462664,127.094938,50mm/h,50,6,0,none,0,0,0,0,0,0,645.3,7,낮음,0,0
G0255,37.467171,127.094914,50mm/h,50,6,0,none,0,0,0,0,0,0,326.4,10,낮음,0,0
G0256,37.471678,127.094889,50mm/h,50,6,0,none,0,0,0,0,0,0,453.5,9,낮음,0,0
G0257,37.476184,127.094865,50mm/h,50,6,0,none,0,0,0,0,0,0,388.9,10,낮음,0,0
G0258,37.480691,127.094841,50mm/h,50,6,0,none,0,0,0,0,0,0,481.7,9,낮음,0,0
G0259,37.485198,127.094816,50mm/h,50,6,1,~0.5m,1,1,0,0,0,0,165.4,65,주의,1,1
G0260,37.489705,127.094792,50mm/h,50,6,2,0.5~1.0m,1,1,0,0,0,0,250.1,68,주의,1,1
G0261,37.494211,127.094768,50mm/h,50,6,2,0.5~1.0m,1,1,0,0,0,0,17.4,70,주의,1,1
G0262,37.498718,127.094743,50mm/h,50,6,1,~0.5m,1,1,0,0,0,0,0.0,66,주의,1,1
G0263,37.503225,127.094719,50mm/h,50,6,1,~0.5m,1,1,0,0,0,0,20.8,66,주의,1,1
G0264,37.507732,127.094695,50mm/h,50,6,1,~0.5m,1,1,0,0,0,0,0.0,66,주의,1,1
G0265,37.512238,127.09467,50mm/h,50,6,1,~0.5m,1,1,0,0,0,0,0.0,66,주의,1,1
G0266,37.516745,127.094646,50mm/h,50,6,1,~0.5m,1,1,0,0,0,0,160.8,65,주의,1,1
G0267,37.521252,127.094622,50mm/h,50,6,0,none,0,0,0,0,0,0,466.7,9,낮음,0,0
G0268,37.525758,127.094597,50mm/h,50,6,0,none,0,0,0,0,0,0,623.6,8,낮음,0,0
G0269,37.530265,127.094573,50mm/h,50,6,0,none,0,0,0,0,0,0,401.2,10,낮음,0,0
G0270,37.534413,127.09455,50mm/h,50,6,2,0.5~1.0m,1,1,0,0,0,0,24.2,70,주의,1,1
G0271,37.458177,127.100616,50mm/h,50,6,0,none,0,0,0,0,0,0,694.0,7,낮음,0,0
G0272,37.462683,127.100592,50mm/h,50,6,0,none,0,0,0,0,0,0,423.2,9,낮음,0,0
G0273,37.46719,127.100568,50mm/h,50,6,1,~0.5m,1,1,1,0,1,3,84.6,100,높음,1,1
G0274,37.471697,127.100544,50mm/h,50,6,0,none,0,0,1,0,1,4,211.3,57,주의,1,1
G0275,37.476204,127.10052,50mm/h,50,6,0,none,0,0,1,0,1,2,219.7,57,주의,1,1
G0276,37.48071,127.100496,50mm/h,50,6,0,none,0,0,1,0,1,1,73.4,58,주의,1,1
G0277,37.485217,127.100472,50mm/h,50,6,1,~0.5m,1,1,0,0,0,0,140.4,65,주의,1,1
G0278,37.489724,127.100448,50mm/h,50,6,1,~0.5m,1,1,0,0,0,0,66.3,66,주의,1,1
G0279,37.494231,127.100424,50mm/h,50,6,1,~0.5m,1,1,0,0,0,0,289.8,64,주의,1,1
G0280,37.498737,127.1004,50mm/h,50,6,0,none,0,0,0,0,0,0,285.5,11,낮음,0,0
G0281,37.503244,127.100376,50mm/h,50,6,1,~0.5m,1,1,0,0,0,0,112.7,65,주의,1,1
G0282,37.507751,127.100352,50mm/h,50,6,1,~0.5m,1,1,0,0,0,0,124.9,65,주의,1,1
G0283,37.512258,127.100328,50mm/h,50,6,1,~0.5m,1,1,0,0,0,0,0.0,66,주의,1,1
G0284,37.516764,127.100304,50mm/h,50,6,1,~0.5m,1,1,0,0,0,0,217.1,64,주의,1,1
G0285,37.521271,127.10028,50mm/h,50,6,1,~0.5m,1,1,0,0,0,0,99.3,65,주의,1,1
G0286,37.525778,127.100256,50mm/h,50,6,0,none,0,0,0,0,0,0,435.4,9,낮음,0,0
G0287,37.530284,127.100232,50mm/h,50,6,0,none,0,0,0,0,0,0,569.4,8,낮음,0,0
G0288,37.534433,127.10021,50mm/h,50,6,3,1.0~1.5m,1,1,0,0,0,0,250.5,71,주의,1,1
G0289,37.458196,127.106269,50mm/h,50,6,0,none,0,0,0,0,0,0,505.1,9,낮음,0,0
G0290,37.462702,127.106246,50mm/h,50,6,0,none,0,0,1,0,1,12,8.5,58,주의,1,1
G0291,37.467209,127.106222,50mm/h,50,6,0,none,0,0,1,0,1,2,301.5,56,주의,1,1
G0292,37.471716,127.106198,50mm/h,50,6,1,~0.5m,1,1,1,0,1,19,0.0,100,높음,1,1
G0293,37.476223,127.106175,50mm/h,50,6,1,~0.5m,1,1,0,0,0,0,5.2,66,주의,1,1
G0294,37.480729,127.106151,50mm/h,50,6,1,~0.5m,1,1,0,0,0,0,78.2,65,주의,1,1
G0295,37.485236,127.106127,50mm/h,50,6,1,~0.5m,1,1,0,0,0,0,196.9,64,주의,1,1
G0296,37.489743,127.106104,50mm/h,50,6,2,0.5~1.0m,1,1,0,0,0,0,58.3,69,주의,1,1
G0297,37.49425,127.10608,50mm/h,50,6,3,1.0~1.5m,1,1,0,0,0,0,0.0,73,주의,1,1
G0298,37.498756,127.106056,50mm/h,50,6,0,none,0,0,0,0,0,0,337.3,10,낮음,0,0
G0299,37.503263,127.106033,50mm/h,50,6,1,~0.5m,1,1,0,0,0,0,17.7,66,주의,1,1
G0300,37.50777,127.106009,50mm/h,50,6,1,~0.5m,1,1,0,0,0,0,24.5,66,주의,1,1
G0301,37.512277,127.105985,50mm/h,50,6,1,~0.5m,1,1,0,0,0,0,158.8,65,주의,1,1
G0302,37.516783,127.105962,50mm/h,50,6,1,~0.5m,1,1,0,0,0,0,141.7,65,주의,1,1
G0303,37.52129,127.105938,50mm/h,50,6,1,~0.5m,1,1,0,0,0,0,73.2,65,주의,1,1
G0304,37.525797,127.105914,50mm/h,50,6,0,none,0,0,0,0,0,0,426.2,9,낮음,0,0
G0305,37.530303,127.105891,50mm/h,50,6,0,none,0,0,0,0,0,0,445.3,9,낮음,0,0
G0306,37.534452,127.105869,50mm/h,50,6,0,none,0,0,0,0,0,0,525.4,8,낮음,0,0
G0307,37.458214,127.111923,50mm/h,50,6,0,none,0,0,0,0,0,0,420.6,9,낮음,0,0
G0308,37.462721,127.111899,50mm/h,50,6,0,none,0,0,1,0,1,10,69.0,58,주의,1,1
G0309,37.467228,127.111876,50mm/h,50,6,0,none,0,0,1,0,1,6,139.6,57,주의,1,1
G0310,37.471735,127.111853,50mm/h,50,6,0,none,0,0,0,0,0,0,284.0,11,낮음,0,0
G0311,37.476241,127.11183,50mm/h,50,6,1,~0.5m,1,1,0,0,0,0,131.7,65,주의,1,1
G0312,37.480748,127.111806,50mm/h,50,6,2,0.5~1.0m,1,1,0,0,0,0,0.0,70,주의,1,1
G0313,37.485255,127.111783,50mm/h,50,6,1,~0.5m,1,1,0,0,0,0,149.6,65,주의,1,1
G0314,37.489762,127.11176,50mm/h,50,6,1,~0.5m,1,1,0,0,0,0,26.7,66,주의,1,1
G0315,37.494268,127.111736,50mm/h,50,6,1,~0.5m,1,1,0,0,0,0,0.0,66,주의,1,1
G0316,37.498775,127.111713,50mm/h,50,6,1,~0.5m,1,1,0,0,0,0,36.9,66,주의,1,1
G0317,37.503282,127.11169,50mm/h,50,6,3,1.0~1.5m,1,1,0,0,0,0,150.4,72,주의,1,1
G0318,37.507789,127.111666,50mm/h,50,6,1,~0.5m,1,1,0,0,0,0,77.5,65,주의,1,1
G0319,37.512295,127.111643,50mm/h,50,6,1,~0.5m,1,1,0,0,0,0,7.5,66,주의,1,1
G0320,37.516802,127.11162,50mm/h,50,6,0,none,0,0,0,0,0,0,397.1,10,낮음,0,0
G0321,37.521309,127.111596,50mm/h,50,6,0,none,0,0,0,0,0,0,565.6,8,낮음,0,0
G0322,37.525815,127.111573,50mm/h,50,6,0,none,0,0,0,0,0,0,484.5,9,낮음,0,0
G0323,37.530322,127.111549,50mm/h,50,6,1,~0.5m,1,1,0,0,0,0,13.9,66,주의,1,1
G0324,37.53447,127.111528,50mm/h,50,6,1,~0.5m,1,1,0,0,0,0,106.8,65,주의,1,1
G0325,37.458233,127.117576,50mm/h,50,6,0,none,0,0,0,0,0,0,511.8,9,낮음,0,0
G0326,37.46274,127.117553,50mm/h,50,6,0,none,0,0,1,0,1,4,192.4,57,주의,1,1
G0327,37.467246,127.11753,50mm/h,50,6,2,0.5~1.0m,1,1,1,0,1,20,0.0,100,높음,1,1
G0328,37.471753,127.117507,50mm/h,50,6,1,~0.5m,1,1,0,0,0,0,9.8,66,주의,1,1
G0329,37.47626,127.117484,50mm/h,50,6,0,none,0,0,0,0,0,0,442.1,9,낮음,0,0
G0330,37.480767,127.117461,50mm/h,50,6,0,none,0,0,0,0,0,0,417.7,9,낮음,0,0
G0331,37.485273,127.117438,50mm/h,50,6,1,~0.5m,1,1,0,0,0,0,198.8,64,주의,1,1
G0332,37.48978,127.117415,50mm/h,50,6,1,~0.5m,1,1,0,0,0,0,0.0,66,주의,1,1
G0333,37.494287,127.117392,50mm/h,50,6,1,~0.5m,1,1,0,0,0,0,15.8,66,주의,1,1
G0334,37.498794,127.11737,50mm/h,50,6,1,~0.5m,1,1,0,0,0,0,82.2,65,주의,1,1
G0335,37.5033,127.117347,50mm/h,50,6,1,~0.5m,1,1,0,0,0,0,154.8,65,주의,1,1
G0336,37.507807,127.117323,50mm/h,50,6,0,none,0,0,0,0,0,0,423.5,9,낮음,0,0
G0337,37.512314,127.1173,50mm/h,50,6,0,none,0,0,0,0,0,0,471.5,9,낮음,0,0
G0338,37.51682,127.117277,50mm/h,50,6,0,none,0,0,0,0,0,0,563.0,8,낮음,0,0
G0339,37.521327,127.117254,50mm/h,50,6,0,none,0,0,0,0,0,0,865.2,6,낮음,0,0
G0340,37.525834,127.117231,50mm/h,50,6,0,none,0,0,0,0,0,0,452.1,9,낮음,0,0
G0341,37.530341,127.117208,50mm/h,50,6,1,~0.5m,1,1,0,0,0,0,0.0,66,주의,1,1
G0342,37.534489,127.117187,50mm/h,50,6,2,0.5~1.0m,1,1,0,0,0,0,201.0,68,주의,1,1
G0343,37.458248,127.122396,50mm/h,50,6,0,none,0,0,0,0,0,0,822.6,6,낮음,0,0
G0344,37.462755,127.122374,50mm/h,50,6,0,none,0,0,0,0,0,0,597.0,8,낮음,0,0
G0345,37.467262,127.122351,50mm/h,50,6,0,none,0,0,0,0,0,0,238.7,11,낮음,0,0
G0346,37.471769,127.122328,50mm/h,50,6,0,none,0,0,0,0,0,0,279.8,11,낮음,0,0
G0347,37.476275,127.122306,50mm/h,50,6,0,none,0,0,0,0,0,0,331.5,10,낮음,0,0
G0348,37.480782,127.122283,50mm/h,50,6,0,none,0,0,0,0,0,0,276.4,11,낮음,0,0
G0349,37.485289,127.12226,50mm/h,50,6,2,0.5~1.0m,1,1,0,0,0,0,0.0,70,주의,1,1
G0350,37.489796,127.122238,50mm/h,50,6,1,~0.5m,1,1,0,0,0,0,46.6,66,주의,1,1
G0351,37.494302,127.122215,50mm/h,50,6,0,none,0,0,0,0,0,0,241.8,11,낮음,0,0
G0352,37.498809,127.122192,50mm/h,50,6,0,none,0,0,0,0,0,0,508.4,9,낮음,0,0
G0353,37.503316,127.122169,50mm/h,50,6,1,~0.5m,1,1,0,0,0,0,285.4,64,주의,1,1
G0354,37.507823,127.122147,50mm/h,50,6,1,~0.5m,1,1,0,0,0,0,257.2,64,주의,1,1
G0355,37.512329,127.122124,50mm/h,50,6,1,~0.5m,1,1,0,0,0,0,294.6,64,주의,1,1
G0356,37.516836,127.122101,50mm/h,50,6,1,~0.5m,1,1,0,0,0,0,209.4,64,주의,1,1
G0357,37.521343,127.122079,50mm/h,50,6,0,none,0,0,0,0,0,0,506.7,9,낮음,0,0
G0358,37.525849,127.122056,50mm/h,50,6,0,none,0,0,0,0,0,0,411.4,9,낮음,0,0
G0359,37.530356,127.122033,50mm/h,50,6,0,none,0,0,0,0,0,0,295.3,10,낮음,0,0
G0360,37.534504,127.122012,50mm/h,50,6,1,~0.5m,1,1,0,0,0,0,76.4,65,주의,1,1
